id_nombre,nombre
1,Titusville Mall
2,Landmark Shopping Center
3,LandMark Plaza
4,Ellenton Premium Outlets
5,CocoWalk
6,RK Village Plaza - Raanan Katz Shopping Center
7,Legacy Place
8,Market Street At Heath Brook
9,Palm Beach Outlet
10,Tin City
11,Orlando International Premium Outlet
12,European Village
13,The Grove Shoppes
14,The UPS Store #6657
15,Anchor Shops & Parking
16,Homestead Towne Square
17,Miami Design District
18,Lincoln Center
19,Wellington Mall
20,Shout Supermarket
21,Chiefland Regional Shopping Center
22,Upper Buena Vista
23,ONE DAYTONA
24,Thrift Life
25,Natural Food Market Place
26,The Village at Hunter's Lake
27,Fashion Square Mall
28,Plaza 800
29,Shoppes of Winder Oaks
30,Concorde Plaza
31,Southgate Shopping Center
32,Glengary Shoppes
33,Crestwood Square
34,Middleton Downtown
35,Shoppes at Paradise Pointe
36,Perry Plaza
37,Sparkman Wharf
38,University Mall
39,DeSoto Square Mall
40,Brandon Mall
41,
42,Lakeview Plaza
43,Sawgrass Mills
44,Rutland Plaza
45,Dezerland Park Orlando
46,The Mall at Millenia
47,Boynton Beach Mall
48,The Mall at Wellington Green
49,Miami International Mall
50,Treasure Coast Square Mall
51,Promenade at Coconut Creek
52,Melbourne Square Mall
53,Westfield Citrus Park
54,Dolphin Mall
55,The Shops at Wiregrass
56,East Towne Center
57,The Gardens Mall
58,Lakeland Square Mall
59,The Florida Mall
60,Southland Mall
61,Sweets Plaza
62,Quesada Commons
63,Dadeland Mall
64,Lakeshore Mall
65,Shopping Plaza
66,Aventura Mall
67,Westfield Broward Mall
68,Searstown Mall
69,The Oaks Mall
70,Tyrone Square Mall
71,Lake Square Mall
72,Port Charlotte Town Center
73,Pinellas Park Square
74,Panama City Mall
75,Pembroke Lakes Mall
76,Merritt Square Mall
77,Gulf Coast Town Center
78,Tamiami Trail Shops
79,Seminole Mall
80,Countryside Mall
81,Superior Plaza
82,Orange Park Mall
83,Bal Harbour Shops
84,Seminole Towne Center
85,Coral Square Mall
86,Heritage Walk
87,Saint George's Row
88,Shoppes at Andros Isle
89,Eagle Ridge Mall
90,Worth Avenue
91,The Loop
92,Santa Rosa Mall
93,The Galleria at Fort Lauderdale
94,Coral Ridge Mall
95,Mall of the Americas
96,Flamingo Market Place
97,Higate Square
98,Great Clips TJ Maxx Plaza
99,The Meadows Shopping Center
100,Intracoastal Mall
101,Skylake Mall
102,Champion Plaza
103,Keystone Plaza
104,Regency Square Shopping Center
105,Shops at Merrick Park
106,Davie Shopping Center
107,Sarasota Square Mall
108,Westfield Siesta Key
109,Shoppes of Lakeland
110,Plantation Square
111,American Plaza
112,Westgate Plaza
113,Southchase Village
114,Bluffs Square Shoppes
115,Pompano Citi Centre
116,Shoppers Haven
117,Oceanwalk Mall
118,Saint Augustine Premium Outlets
119,Colonial Promenade
120,Town Center at Boca Raton
121,Mall at University Town Center
122,Ocean Walk Village
123,Centro Ybor
124,Pembroke Gardens
125,Volusia Mall
126,Oviedo Mall
127,Paddock Mall
128,Sunset Harbour Shops
129,The Greenery Mall
130,Gulf View Square Mall
131,Cordova Mall
132,Bartow Shopping Center
133,Brandon Center
134,Clayton Mall
135,Tampa Premium Outlets
136,Westland Mall
137,Ultramont Mall
138,The Shops at Mary Brickell Village
139,Uleta Plaza
140,Lincoln Road Mall
141,Gold Coast Plaza
142,Indian River Mall
143,Sunshine Park Mall
144,Centre of Tallahassee
145,Altamonte Mall
146,Palm Plaza
147,Tanger Outlets Daytona
148,TJ Max
149,The Big Apple Shopping Bazaar
150,Murdock Plaza
151,Lakeview Center
152,Tri-City Plaza
153,Governor's Square Mall
154,Britton Plaza
155,Fowler Plaza South
156,Greentree Shopping Center
157,International Plaza and Bay Street
158,Lake City Mall
159,The Boardwalk
160,Plaza del Sol
161,Sevilla Plaza
162,Casa
163,Terrance Florida Mall
164,American Signature
165,AAFES Exchange and Commissary
166,University Village Shops
167,Westshore Plaza Mall
168,Town Square Center
169,Village Square Shopping Center
170,Homestead Station
171,The Lighthouse Shoppes
172,Southeast Plaza
173,Brickell City Centre
174,Bellview Plaza
175,Camino Shops
176,Ocooee Plaza
177,North Parsons Plaza
178,Crystal River Mall
179,Bayou Plaza
180,SoMo Walls
181,Alpine Center
182,Florida Keys Outlet Center
183,Sunset Place
184,Vine Street Square
185,Mizner Park
186,Peachland Promenade
187,Heritage Plaza
188,Murdock Carrousel
189,Bayside Marketplace
190,Manatee County
191,Brandon Town Center Drive
192,Winn-Dixie
193,Old Boynton Road
194,Aleena Diamonds
195,Kings Highway
196,CMX Dolphin 19 & IMAX
197,Mobilezone
198,Publix
199,Banana Republic
200,Bealls Outlet
201,Cypress Road
202,Live Oak Avenue
203,US 27
204,South Hiatus Road
205,Mama Rosa's
206,Belk
207,I 75
208,Factory Shops Boulevard
209,Southwest 139th Avenue
210,Crosshill Blvd
211,9680
212,US 98;US 319
213,Grande Boulevard
214,Eagle Ridge Drive
215,Thacker Avenue
216,Avenue G Southwest
217,Hunters Oak Drive
218,Promenade Square Drive
219,Hammocks Boulevard
220,Southwest 169th Court
221,Southwest 42nd Street
222,Panda Express
223,Southwest 134th Avenue
224,Bed Bath & Beyond
225,Northeast 163rd Street
226,13565
227,Grand Regency Boulevard
228,South University Drive
229,Mattress Firm
230,Steele Street
231,Spencer Drive
232,3913
233,Palm Drive
234,Bliss Salon
235,Landings Boulevard
236,East Hillsborough Avenue
237,Hillsboro Plaza
238,Sharon Drive
239,dd's Discounts
240,Armstrong Boulevard
241,Woodstock Drive
242,Cypress Creek Road
243,Davie Boulevard
244,I 95
245,Colony Square Drive
246,Cigar Bar
247,Southwest 145th Terrace
248,Colony Boulevard
249,Philips Highway
250,Broadway's
251,415
252,Hopewell Avenue
253,James L Redman Parkway
254,Today's Male
255,Southwest 89th Lane
256,Century 21
257,Okeechobee Boulevard
258,B&B Joint
259,West 1st Avenue
260,Canton Avenue
261,430
262,Southwest 91st Court
263,Southwest 136th Street
264,Southwest 135th Terrace
265,Tommy Hilfiger
266,Southwest 120th Street
267,Community Drive
268,Old Military Trail
269,South Chillingworth Drive
270,Frank Street
271,Indian Rocks Road
272,Quesada Avenue
273,5th Street Southwest
274,Northwest 184th Avenue
275,West Griflow Street
276,3878
277,East Fowler Avenue
278,Providence Road
279,Tamiami Trail South
280,Immokalee Road
281,Corkscrew Village Lane
282,West Terry Street
283,93rd Avenue North
284,94th Avenue North
285,Publix Liquors
286,Lake Gray Boulevard
287,26th Street West
288,Lee's Alterations
289,Legendary Drive
290,Forsyth Road
291,Iglesia Cristiana lel Rebano
292,West Lancaster Road
293,Pino Gelato Cafe
294,Patrol Road
295,Blanding Boulevard
296,Northwest 4th Court
297,Sand Lake Road
298,Maud Street
299,Wekiwa Springs Road
300,Orlando Avenue
301,Webster Avenue
302,Beachview Avenue
303,Hudson
304,Kingston Drive East
305,South Valrico Road
306,Mirror Terrace Northwest
307,Freeway Insurance
308,KWIK Tax Refund
309,Brickell Smoke Shop
310,Federal Highway
311,Post Avenue Southwest
312,Avenue O Southwest
313,Grove Avenue
314,17th Street
315,McDonald Terrace
316,Poinsettia Drive
317,Cooks Lane
318,US 17
319,East Edgewood Drive
320,Reynolds Street
321,Palm Beach Boulevard
322,Pierre Lane
323,Market Square
324,ALDI
325,Brooks Street
326,Mason Avenue
327,8th Avenue Drive West
328,39th Street West
329,Foot Solutions
330,American Eagle Outfitters
331,Southwest 58th Avenue
332,Dyer Boulevard
333,300
334,Peachland Boulevard
335,Tamiami Trail
336,Tour Boat Boarding
337,Avecina Urgent Care Clinic
338,Old Middleburg Road South
339,Merchants Gate Drive
340,West Langford Drive
341,Lakeview Shopping Center
342,Carrollwood Commons
343,Shoppes at 104
344,Bird Galloway Center
345,Centro Comercial Managua
346,Northlake Promenade Shoppes
347,West Village Drive
348,North Nob Hill Road
349,9180
350,Mill Creek Mall
351,Argyle Family Dentistry
352,Endless Tan
353,Argyle Forest Boulevard
354,GNC
355,Barber Shop
356,Justice
357,Dollar Tree
358,Goodyear Auto Service Center
359,14790
360,Kendale Lakes Plaza
361,Southwest 59th Street
362,9045
363,10063-1 Baymeadows Ap
364,South Tamiami Trail
365,Clark Road
366,Auburn Court
367,South Lockwood Ridge Road
368,Versailles Street
369,Fruitville Road
370,Thonotosassa Road
371,Sleepy Hill Road
372,Maple Street
373,East Vine Street
374,Bronson Highway
375,US 98
376,Shoppes of Oakbrook
377,Sunshine Plaza
378,Sabal Palm Shopping Center
379,Oakwood Boulevard
380,Young Circle Shopping Center
381,Hollywood Hills Plaza
382,Collier Boulevard
383,324
384,Shopping Center Drive
385,Paragon Ocean Walk 10
386,East Alexander Street
387,6000
388,International Plaza
389,Dramantics inc
390,"The 5 & dime, a theatre company"
391,Idrive orlando (international drive orlando)
392,C. green’s haunted history museum
393,Marina civic center
394,New tampa wildcats
395,"Me ship, the olive®"
396,Theatrezone
397,Ultra technologies
398,Lauderhill historical museum
399,Tv center electronics and appliances
400,In control tek
401,Reef lovers aquariums
402,360 gymnastics llc
403,"Alpha dog audio video security, llc"
404,Star center theatre
405,Lake county museum of art
406,Soho studios
407,Creation discovery museum
408,Vernon sportsplex
409,Fish and other ichthy stuff
410,Rent a field - indoor soccer
411,Indoor soccer place
412,Amazing aquariums
413,Oakland heights athletic fields
414,Cultural park theatre
415,Florida surf museum
416,Tampa bay mineral & science
417,National training center track
418,Gulfport community players
419,Swampy jack's wongo adventure
420,Above athletic center
421,Galactic playgrounds
422,Palm beach book & video
423,Jim pignato theater
424,Van gogh: the immersive experience - miami
425,Kennedy park
426,Braden river soccer club
427,"Mac art galleries - fort lauderdale, fl"
428,Jungle queen tropical isle
429,Audio advisors
430,South florida railway museum
431,"The repertory theatre - seaside, fl."
432,Habitech systems
433,Goodlet theatre
434,Predatory fins
435,Kaleidoscope theatre
436,Suncoast high school stadium
437,Emma parrish theatre
438,Miramar readiness center
439,Levis jcc phyllis and harvey sandler center for jewish life engagement
440,Pompano beach historical society and kester museums
441,Florida city cinema
442,Veterans memorial railroad (org)
443,Hooked on fish freshwater aquatics
444,Rodney colson sports complex
445,The install pro
446,Vero beach theatre guild
447,Saint francis barracks
448,Tampa bay performing arts academy
449,Sarasota sports club
450,The space
451,Vero fitness
452,Treasure coast barbell club
453,Naples train museum
454,Actors' warehouse
455,"Kravis parking lot, iris st entrance"
456,Amazing things 5d motion theater and collectibles
457,Sloan's ghost fort adventures / robert the doll experience
458,Lake wales arts center
459,Kang & kodos' twirl 'n' hurl
460,Jellyfish art
461,Cassadaga raven star psychic witch
462,Pegaso soccer
463,Electronic pros
464,Fusion fitness center
465,Levy park recreation area
466,Plant city skate park
467,Club steel volleyball
468,West pasco historical society
469,The sharing tree
470,The pier aquarium
471,Larry sanders sports complex
472,Naples performing arts center
473,Mount dora history museum
474,Keeper's quarters museum
475,Historic gulf cemetery
476,Audio workshop
477,Stein tompkins sports complex
478,Hobe sound nature center
479,Universal music plaza stage
480,Ace of spades sports baseball & softball academy - indoor baseball batting cages
481,The upper deck sports facility
482,May-stringer ghost tours
483,Celtic axe throwing @ hourglass brewery
484,Welcome center and shrimp museum
485,Cap city video lounge
486,South lake ymca
487,Atlantis coral
488,David park tennis center
489,Crossfit country
490,Carpenter complex
491,Msa of jacksonville
492,Sugarmill woods inc
493,Serene reef
494,Riptide crossfit
495,Clearwater beach waterslide
496,North river shores tennis club
497,Morningside soccer fields
498,5f farm event center
499,Futsal on miami
500,The drive-in at armature works by rooftop cinema club
501,Home theater on any budget
502,Electronics world
503,Smithsonian marine ecosystems exhibit
504,Boynton cinema 8
505,Sail away tattoo
506,Anonymous games
507,Englewood museum
508,Frontierland
509,Avon park depot museum
510,Sapphire motion pictures
511,Survival outreach sanctuary
512,Yaa arthouse
513,Fsu main campus fields
514,The auto experience at dezerland park orlando
515,Hpsm tennis at wptc
516,Cohen pavilion at the kravis center
517,Consolidated fish farms inc.
518,Tampa bay watch discovery center
519,Boca raton train depot
520,Florida chautauqua theatre
521,United soccer alliance - ccsc
522,Emerald coast coral farms
523,Hunter amphitheater
524,Primrose tattoo parlor
525,"Grove theater, bistro & entertainment"
526,Roger scott tennis center
527,Dauer museum of classic cars
528,Wickers sports complex
529,Eco reef corals
530,Friendship park tennis court
531,Palm harbor museum
532,Amc mall of the americas 14
533,Wildcat stadium
534,Plant city prmiere lux 8 and pizza pub lake walden
535,Captain francis a. hendry house
536,Westminster academy athletic complex
537,Keating theatre
538,Museum of seminole county history
539,Vitex smart home - home security
540,Bradlee-mc intyre house
541,Lincolnville museum & cultural center
542,Lake county soccer club
543,All stars sportsplex
544,Mount dora plaza live
545,Goal station futbox
546,The brumos collection
547,Rossetter house museum office
548,Dream city event center and performing arts
549,Civil axe throwing - tampa
550,Tfc indoor and bootcamp (the futbol club)
551,Boomers volleyball academy
552,Old dillard museum
553,Palm coast little league fields
554,Roberts hall
555,Youth sports complex
556,Roca theater
557,Nite owl theater
558,Fishy business aquatics fort myers
559,Magnolia
560,Congo - kinsasha train station
561,Museum of art-deland
562,South orlando baberuth say
563,Military sea services museum
564,Blanchard house museum
565,American beach museum
566,Audio connection
567,Cal dickson tennis center
568,Sound advice
569,Poinciana cricket ground
570,Stanley falls flume
571,The plumb house museum
572,The amazing adventures of spider-man
573,Imagination station
574,Skycoaster orlando
575,Le jeune cinema 6
576,Melbourne beach
577,A world of sound inc
578,Maximum audio video
579,Florida studio theatre
580,Marietta museum of art & whimsy
581,Titan soccer complex
582,Sami family amphitheater
583,Mcknight family sports complex
584,Parkway 8 cinema
585,Paladium night club sports bar & lounge
586,Noah & heather wells present maximum magic
587,Unf field house
588,Kathleen area historical society heritage park
589,Raptor airsoft field and shop
590,Florida children's theatre
591,Miami children's museum
592,Bose
593,Woodlea sports complex
594,Boardwalk bowl entertainment center
595,Pickleplex
596,Amelia island soccer club
597,Oviedo little league
598,Jackie robinson training complex
599,Theatre tallahassee
600,The pinellas park performing arts center
601,St lucie county regional history center
602,Howard park tennis center
603,Beachfront adventure park
604,Funtania orlando - family entertainment center
605,Bluewater bay tennis center lc
606,Lighthouse artcenter gallery & 2d studio
607,Deland house museum
608,Pirates of the caribbean
609,Vast sports performance
610,Easy street by funworks
611,Creative veins
612,Pier park amusement rides
613,Matheson history museum
614,Acrosstown repertory theatre
615,Lake mary historical museum
616,The exit games fl | escape room
617,Aquatic n exotic inc.
618,Soccer city
619,Winter haven city tennis center
620,Children’s zoo
621,Patrick f. culler performing arts center
622,Shoestring theatre inc
623,Santa fe college jackson n. sasser fine arts hall
624,Shipwreck island waterpark
625,Gulley amphitheater
626,The deltona amphitheater
627,Unconditional surrender sculpture
628,Actors' rep | bob carter's actor's workshop and repertory theatre
629,Bamboozles skating
630,Midflorida credit union amphitheatre
631,Cedar key state park- museum
632,Powerstories theatre
633,Leu house museum
634,American space museum & walk of fame
635,Eagle harbor tennis
636,Historic black police precinct courthouse and museum
637,Aloma cinema grill
638,Englewood tennis club
639,The great magic hall
640,Palm beach maritime museum
641,Celebration little league - field 1
642,Wellington tennis center
643,Gator golf adventure park
644,Amc classic west melbourne 12
645,High springs museum
646,Cmx downtown at the gardens 16
647,Rapids waterpark
648,Big cat habitat gulf coast sanctuary
649,Living reef aquariums
650,Rhoda l martin cultural heritage
651,Zellwood community center inc
652,All saints cinema
653,Florida state university museum of fine arts
654,Flagler beach historical museum
655,Theater on the edge - plays in orlando
656,Amc west shore 14
657,Goldsboro museum
658,Tropic theater
659,Coastal heritage museum
660,The marco players
661,Scales & tails
662,Xl soccer world lake nona
663,Just for laughs dinner theater (theatre)
664,Holiday joe
665,Ebenezer family farm
666,Amc regency 24
667,Cmx cinemas countryside 12 (formerly cobb theatres)
668,Great explorations children's museum
669,Sample-mcdougald house preservation society
670,University of tampa baseball field
671,The holocaust memorial resource and education center of florida
672,Daily's place
673,Darrell's aquarium
674,Best buy
675,Wickham park amphitheater
676,Cade museum for creativity and invention
677,Marie selby botanical gardens downtown sarasota campus
678,Nite owl drive-in + tropical market
edu679,Xtreme Adventures
edu680,Villagio Cinemas
edu681,Glazer Children's Museum
edu682,Tarpon Springs Aquarium and Animal Sanctuary
edu683,Regal Hollywood - Port Richey
edu684,Corals and Fins
edu685,AMC Highwoods 20
edu686,Scream-A-Geddon
edu687,Safety Harbor Museum & Cultural Center
edu688,The Vault
edu689,Pets Unlimited
edu690,Pet City
edu691,Treasure Island Fun Center
edu692,Marine Warehouse Aquarium
edu693,Shallow Point Charters
edu694,Fun Zone
edu695,Coral Reef Aquariums
edu696,Urban Air Adventure Park - New Tampa
edu697,Captain Bligh's Landing
edu698,Ybor City Chamber of Commerce Visitor Information Center
edu699,Tampa Theatre
edu700,Touchstar Cinemas - Spring Hill 8
edu701,AMC Sundial 12
edu702,Animal House Naturals Pet Center
edu703,Tampa Bay History Center
edu704,Xscape Theatres - Riverview 14
edu705,Celebration Station
edu706,Havana Harry's 2
edu707,Henry B. Plant Museum
edu708,SheiKra
edu709,HR Trains & Toys
edu710,Tampa Firefighters Museum
edu711,Sea Life Fish & Aquariums
edu712,CMX Countryside 12
edu713,International Independent Showmen's Museum
edu714,Van Gogh Alive
edu715,St Petersburg Pier
edu716,GameTime
edu717,Oakfield Lanes Of Brandon
edu718,Cinema 6
edu719,SimCenter Tampa Bay
edu720,Chamber of Terror Haunted House
edu721,Old McMicky's Farm
edu722,Adventure Island
edu723,Ybor City Museum State Park
edu724,TreeHoppers Aerial Adventure Park
edu725,Tampa Bay Escape Room
edu726,Tampa Pitcher Show
edu727,GQT Riverview 14 GDX
edu728,Pin Chasers
edu729,AMC Veterans 24
edu730,Cracker Country
edu731,The James Museum of Western and Wildlife Art
edu732,Tarpon Springs Historical Society Railroad Station Museum
edu733,Snowcat Ridge
edu734,Studio Movie Grill
edu735,The Florida Aquarium
edu736,Straz Center for the Performing Arts
edu737,Swap Shop
edu738,SkateWorld
edu739,Zoo Tampa at Lowry Park
edu740,Cobra's Curse
edu741,Regal Largo Mall
edu742,AMC Tri-City 8
edu743,The Florida Holocaust Museum
edu744,American Victory Ship & Museum
edu745,Regal Park Place & RPX
edu746,AirHeads Trampoline Arena - St. Pete/Clearwater
edu747,Morean Arts Center
edu748,Winter's Dolphin Tale Adventure
edu749,Outerlife Studios - Escape Room St Pete
edu750,Jungle Games
edu751,Cobbster's Kitchen & Bar
edu752,Little Explorers
edu753,OCC Road House & Museum
edu754,Armed Forces History Museum
edu755,The Art of the Brick
edu756,Replay Amusement Museum
edu757,The Dinner Detective
edu758,AMC The Regency 20
edu759,Can You Escape?
edu760,Scorpion
edu761,Fun Lan Drive In Theatre
edu762,MOSI
edu763,Cheetah Hunt
edu764,Escape Countdown
edu765,Regal Citrus Park
edu766,Heritage Village & Historical Museum
edu767,AMC Classic Palm Harbor 10
edu768,Dr. Carter G. Woodson African American Museum
edu769,Fins and Skins
edu770,What's In Your Tank
edu771,Tigris
edu772,Summit Adventure Park Spring Hill
edu773,Big Cat Rescue
edu774,Gwazi
edu775,Dunedin Fine Art Center
edu776,PetSmart
edu777,Jump Station Florida
edu778,PJ's Auto World
edu779,Florida Museum of Photographic Arts
edu780,R & R Ranch
edu781,Wazoo at Lowry Park Zoo
edu782,Laser Ops Extreme Gaming Arcade - Tampa
edu783,A & R Aquariums
edu784,Moccasin Lake Nature Park
edu785,Look Dine-In Cinemas
edu786,Museum of Fine Arts
edu787,J.C. Newman Cigar Company
edu788,Tampa Museum of Art
edu789,AMC Woodlands Square 20
edu790,CMX CinéBistro Hyde Park
edu791,Croc Encounters
edu792,Suncoast Primate Sanctuary Foundation
edu793,Henry B. Plant Park
edu794,CMX Tyrone Luxury 10
edu795,The Coral Corral
edu796,Premiere Cinemas
edu797,Mega Bite
edu798,Stageworks Theatre
edu799,Creative Aquariums Of Tampa
edu800,St Petersburg Museum of History
edu801,The Airosphere
edu802,AMC Riverview 14 GDX
edu803,Rainbow Adult Cabaret
edu804,Bounce House
edu805,PK's PlayZone & Grille
edu806,AMC Classic Centro Ybor 10
edu807,Busch Gardens Tampa Bay
edu808,Chihuly Collection
edu809,Montu
edu810,Sweetfields Farm
edu811,Clearwater Marine Aquarium
edu812,Tampa Bay Grand Prix
edu813,Surf Style
edu814,Stop & Play
edu815,Touchstar Cinemas - Seminole 8
edu816,Tampa Bay Automobile Museum
edu817,Earlybird Dinner Theater
edu818,Sky Zone Trampoline Park
edu819,Alligator & Wildlife Discovery Center
edu820,Suncoast Broadway Dinner Theatre
edu821,Jenny's Zoo
edu822,Smugglers Cove Adventure Golf
edu823,CinéBistro at Grove 16
edu824,ZooTampa at Lowry Park
edu825,Christmas Town Busch Gardens
edu826,Duncan McClellan Gallery
edu827,X-Treme Fun Center
edu828,Seaside Seabird Sanctuary
edu829,Wildlife Survival Sanctuary
edu830,Playgrounds of Tampa
edu831,Tampa Bay Aquarium
edu832,Manatee Viewing Center
edu833,Ruskin Family Drive-In Theater
edu834,The Dali Museum
edu835,Kumba
edu836,Britton 8 Movies
edu837,Dinosaur World
edu838,Spongeorama
edu839,Falcon's Fury
edu840,Howl-O-Scream
edu841,Sunset Point Cinema Bar & Grille
edu842,Tampa Bay Buccaneers
edu843,Channelside Cinemas Imax
edu844,Westside Aquarium & Pets
edu845,Ghost Party Haunted Tours
edu846,Leepa-Rattner Museum of Art
edu847,Imagine Museum
edu848,Mustang Flea Market
edu849,North Shore Aquatic Center
edu850,A Tropical Reef
edu851,Bonsai Koi Ponds
edu852,Fairgrounds St. Pete
wqfg4,Dramantics Inc
qn8gi,Dramantics Inc
0k7i5,"The 5 & Dime, A Theatre Company"
7prxn,"The 5 & Dime, A Theatre Company"
dt9kk,IDRIVE ORLANDO (International Drive Orlando)
sr2pd,IDRIVE ORLANDO (International Drive Orlando)
jzw24,C. Green’s haunted history museum
7lo11,C. Green’s haunted history museum
i6qez,Marina Civic Center
5agjz,Marina Civic Center
2hbqj,New Tampa Wildcats
ptgff,New Tampa Wildcats
5d3j3,"Me Ship, The Olive®"
8lnku,"Me Ship, The Olive®"
s6wl0,TheatreZone
f5ggr,TheatreZone
zal72,TheatreZone
jgk64,Ultra Technologies
jguea,Lauderhill Historical Museum
5b6hg,Lauderhill Historical Museum
we2tr,Lauderhill Historical Museum
48ee1,TV Center Electronics and Appliances
sos6r,TV Center Electronics and Appliances
bzvzd,TV Center Electronics and Appliances
bybjx,In Control TEK
m2fd4,In Control TEK
yfor1,Reef Lovers Aquariums
d34k3,Reef Lovers Aquariums
dfoom,Reef Lovers Aquariums
xr8m3,360 Gymnastics LLC
ab0ya,360 Gymnastics LLC
c43t6,360 Gymnastics LLC
125fj,"Alpha Dog Audio Video Security, LLC"
qh1rc,"Alpha Dog Audio Video Security, LLC"
iqo9q,Doorbell Ninja
q51sq,Doorbell Ninja
bmbat,Star Center Theatre
6n5ru,Star Center Theatre
gb4on,Lake County Museum of Art
emth1,Lake County Museum of Art
0dda2,Soho Studios
n08gy,Soho Studios
hsawo,Soho Studios
tkd7b,Creation Discovery Museum
5c6qd,Creation Discovery Museum
3av0b,Creation Discovery Museum
5hb3b,Vernon Sportsplex
5xvyv,Vernon Sportsplex
gn05u,Vernon Sportsplex
x802p,FISH and other ICHTHY stuff
fz1a9,FISH and other ICHTHY stuff
46m3p,FISH and other ICHTHY stuff
xopjr,Rent A Field - Indoor Soccer
aaa10,Rent A Field - Indoor Soccer
tkn2i,INDOOR SOCCER PLACE
raydd,INDOOR SOCCER PLACE
jzz8p,Amazing Aquariums
ryh8r,Amazing Aquariums
dlgls,Amazing Aquariums
o4rmw,Oakland Heights athletic fields
i6rco,Oakland Heights athletic fields
oq7s6,Ice Skating Rink
y43k3,Ice Skating Rink
gjoln,East Gate Track
iel5x,East Gate Track
drern,Cultural Park Theatre
97m66,Cultural Park Theatre
dswfl,Florida Surf Museum
ljcry,Florida Surf Museum
75qhf,Florida Surf Museum
ozrz3,Tampa Bay Mineral & Science
7omfq,Tampa Bay Mineral & Science
744ki,Gulfport Community Players
x1mdi,Gulfport Community Players
opbe9,Swampy Jack's Wongo Adventure
w73k3,Swampy Jack's Wongo Adventure
e7sje,Swampy Jack's Wongo Adventure
gopqn,Above Athletic Center
31o13,Above Athletic Center
i8fqg,Galactic Playgrounds
mizpx,Galactic Playgrounds
48t9c,Just Hang It TV Mounting
4cwv0,Just Hang It TV Mounting
e5vz7,Palm Beach Book & Video
sqasa,Palm Beach Book & Video
frvyi,Steinbrenner Band Hall
cciym,Steinbrenner Band Hall
qyo9r,Jim Pignato Theater
oeqky,Jim Pignato Theater
qojse,Jim Pignato Theater
lau8j,Van Gogh: The Immersive Experience - Miami
z51q3,Van Gogh: The Immersive Experience - Miami
5371o,Van Gogh: The Immersive Experience - Miami
67nmd,Kennedy Park
9jpyj,Kennedy Park
0e1zh,Braden River Soccer Club
7an65,Braden River Soccer Club
l4u3u,Braden River Soccer Club
t1ycb,"MAC Art Galleries - Fort Lauderdale, FL"
5oovz,"MAC Art Galleries - Fort Lauderdale, FL"
dqjv6,Jungle Queen Tropical Isle
c4lkr,Jungle Queen Tropical Isle
38cxd,Jungle Queen Tropical Isle
te483,Patrick AFB Theater
cfw2u,Patrick AFB Theater
p5lbt,Audio Advisors
618y0,Audio Advisors
gf8q1,Audio Advisors
crebt,South Florida Railway Museum
lkzcs,South Florida Railway Museum
bc93z,South Florida Railway Museum
lg618,"The Repertory Theatre - Seaside, Fl."
yx6ei,"The Repertory Theatre - Seaside, Fl."
gldh8,Habitech Systems
uoq4x,Habitech Systems
ludnu,Goodlet Theatre
9g4ad,Goodlet Theatre
1dxff,PREDATORY FINS
8bddz,PREDATORY FINS
nes6o,PREDATORY FINS
hmq55,Kaleidoscope Theatre
1aobg,Kaleidoscope Theatre
509tc,Suncoast High School Stadium
h59ei,Suncoast High School Stadium
73hg4,Emma Parrish Theatre
ghvch,Emma Parrish Theatre
dmyao,Emma Parrish Theatre
e680r,Miramar Readiness Center
h1jas,Miramar Readiness Center
6z46q,Levis JCC Phyllis and Harvey Sandler Center for Jewish Life Engagement
ke5xq,Levis JCC Phyllis and Harvey Sandler Center for Jewish Life Engagement
qa93c,Pompano Beach Historical Society and Kester Museums
tel7d,Pompano Beach Historical Society and Kester Museums
rj7fe,Key West Bight
j4jja,Key West Bight
ij70b,Florida City Cinema
lm7p7,Florida City Cinema
ceapg,Veterans Memorial Railroad (ORG)
o31n7,Veterans Memorial Railroad (ORG)
cu6dh,Veterans Memorial Railroad (ORG)
qweqz,Hooked on Fish Freshwater Aquatics
pnhfj,Hooked on Fish Freshwater Aquatics
cjxom,Hooked on Fish Freshwater Aquatics
lpocs,Rodney Colson Sports Complex
2p81s,Rodney Colson Sports Complex
avr3t,The Install Pro
qnzsr,The Install Pro
xpgey,Vero Beach Theatre Guild
tapn7,Vero Beach Theatre Guild
6yocq,Saint Francis Barracks
fl9d7,Saint Francis Barracks
jy3j2,Tampa Bay Performing Arts Academy
zw55x,Tampa Bay Performing Arts Academy
q8su2,Sarasota Sports Club
p7w08,Sarasota Sports Club
jt4uc,The Space
xfxpn,The Space
1r7a8,Vero Fitness
njv7i,Vero Fitness
12wof,Treasure Coast Barbell Club
mib6m,Treasure Coast Barbell Club
pkd1i,Treasure Coast Barbell Club
pjpxm,Treasure Coast Barbell Club
2t29s,Treasure Coast Barbell Club
mb3xs,Treasure Coast Barbell Club
8lomw,Naples Train Museum
aivq1,Naples Train Museum
705gi,Naples Train Museum
wbgrq,Actors' Warehouse
r5q2z,Actors' Warehouse
jyq8t,"Kravis Parking Lot, Iris St Entrance"
ypg1r,"Kravis Parking Lot, Iris St Entrance"
a5yyz,"Kravis Parking Lot, Iris St Entrance"
gul3d,Amazing Things 5D Motion Theater and Collectibles
jmwjd,Amazing Things 5D Motion Theater and Collectibles
k7twq,Sloan's Ghost Fort Adventures / Robert the Doll Experience
t36ut,Sloan's Ghost Fort Adventures / Robert the Doll Experience
db5j4,Lake Wales Arts Center
4et9l,Lake Wales Arts Center
7iz2b,Kang & Kodos' Twirl 'n' Hurl
8cgw3,Kang & Kodos' Twirl 'n' Hurl
38doj,Kang & Kodos' Twirl 'n' Hurl
92n32,Jellyfish Art
wllyi,Jellyfish Art
gvzaz,Cassadaga Raven Star Psychic Witch
7gz4w,Cassadaga Raven Star Psychic Witch
3yl5h,Cassadaga Raven Star Psychic Witch
xaumw,Pegaso Soccer
zaixc,Pegaso Soccer
a7a3p,Pegaso Soccer
8uatx,Electronic Pros
xsa1y,Electronic Pros
7by4e,Fusion Fitness Center
wcygk,Fusion Fitness Center
1eeze,Fusion Fitness Center
joj4i,Levy Park Recreation Area
7g1y2,Levy Park Recreation Area
a9l91,Levy Park Recreation Area
pyj87,Plant City Skate Park
ihkz0,Plant City Skate Park
tfdnk,Club Steel Volleyball
0mlta,Club Steel Volleyball
0ogno,West Pasco Historical Society
sptm0,West Pasco Historical Society
9w0uy,The Sharing Tree
5tmcy,The Sharing Tree
ty6vj,The Pier Aquarium
7vkmq,The Pier Aquarium
qtdhd,The Pier Aquarium
t5wt7,Larry Sanders Sports Complex
okabx,Larry Sanders Sports Complex
6u4pw,Naples Performing Arts Center
bvr2n,Naples Performing Arts Center
igxtg,Mount Dora History Museum
udoah,Mount Dora History Museum
judin,Mount Dora History Museum
rp7hs,Keeper's Quarters Museum
ykxky,Keeper's Quarters Museum
cljsj,Historic Gulf Cemetery
bd6jh,Historic Gulf Cemetery
y29mo,Audio Workshop
v1r02,Audio Workshop
sg57u,Stop 3 On KSC Up Close Explore Tour
w6pn1,Stop 3 On KSC Up Close Explore Tour
1qa5j,Stein Tompkins Sports Complex
6uc5i,Stein Tompkins Sports Complex
wi5yl,Hobe Sound Nature Center
g9vvn,Hobe Sound Nature Center
0tphx,Universal Music Plaza Stage
459ap,Universal Music Plaza Stage
goi7x,Universal Music Plaza Stage
5ae9z,Ace Of Spades Sports Baseball & Softball Academy - Indoor Baseball Batting Cages
j4oof,Ace Of Spades Sports Baseball & Softball Academy - Indoor Baseball Batting Cages
7nlno,The Upper Deck Sports Facility
8d6h7,The Upper Deck Sports Facility
s1p20,The Upper Deck Sports Facility
rbyzx,May-Stringer Ghost Tours
hj1tr,May-Stringer Ghost Tours
pe1di,May-Stringer Ghost Tours
nwuex,Clyde & Seamore
g53uc,Clyde & Seamore
4uoae,Celtic Axe Throwing @ Hourglass Brewery
mbttt,Celtic Axe Throwing @ Hourglass Brewery
qzmtv,Welcome Center and Shrimp Museum
br4y7,Welcome Center and Shrimp Museum
i60mf,Cap City Video Lounge
c5at7,Cap City Video Lounge
ummpv,South Lake YMCA
t8h62,South Lake YMCA
rb1xn,Atlantis Coral
s98md,Atlantis Coral
uwzrm,Atlantis Coral
sknxf,David Park Tennis Center
62q0m,David Park Tennis Center
6nysy,David Park Tennis Center
f2oi2,CrossFit Country
shg0h,CrossFit Country
572ja,CrossFit Country
hidec,Carpenter Complex
1yx1p,Carpenter Complex
5hvmc,MSA of Jacksonville
8njfs,MSA of Jacksonville
orlwe,MSA of Jacksonville
4d4qe,Sugarmill Woods Inc
ysipc,Sugarmill Woods Inc
6p23r,Sugarmill Woods Inc
f7ej2,Serene Reef
oh0o0,Serene Reef
7puby,Riptide CrossFit
8jayl,Riptide CrossFit
lnra5,Riptide CrossFit
5q435,Clearwater Beach Waterslide
97am2,Clearwater Beach Waterslide
yovb9,Clearwater Beach Waterslide
l0taz,North River Shores Tennis Club
8w8w1,North River Shores Tennis Club
b9q14,North River Shores Tennis Club
1u5hx,Morningside Soccer Fields
5j0sa,Morningside Soccer Fields
8zcei,Morningside Soccer Fields
am41y,5F Farm Event Center
6bov6,5F Farm Event Center
y9za8,5F Farm Event Center
92szc,Futsal on Miami
f55ku,Futsal on Miami
657xd,The Drive-In at Armature Works by Rooftop Cinema Club
6nmw6,The Drive-In at Armature Works by Rooftop Cinema Club
p2w9u,The Drive-In at Armature Works by Rooftop Cinema Club
pk8pi,Home Theater On Any Budget
hokyy,Home Theater On Any Budget
wbv4w,Electronics World
4bktm,Electronics World
22hnf,Smithsonian Marine Ecosystems Exhibit
8d330,Smithsonian Marine Ecosystems Exhibit
lln2z,Boynton Cinema 8
iu8gy,Boynton Cinema 8
efaql,Boynton Cinema 8
zbdup,Sail Away Tattoo
4swse,Sail Away Tattoo
0nklh,Westlake Adventure Park
yzokx,Westlake Adventure Park
5jstw,Anonymous Games
0pkzl,Anonymous Games
98t9i,Englewood Museum
uel2q,Englewood Museum
2slv0,Avon Park Depot Museum
qiurr,Avon Park Depot Museum
x6hf8,Avon Park Depot Museum
chmvi,Sapphire Motion Pictures
8rdjs,Sapphire Motion Pictures
7f6j0,Sapphire Motion Pictures
oe0bl,Survival Outreach Sanctuary
h8tbb,Survival Outreach Sanctuary
xj0dl,YAA ArtHouse
85lpq,YAA ArtHouse
yq0qu,We Mount TVs
33mi3,We Mount TVs
k4vni,FSU Main Campus Fields
hpayv,FSU Main Campus Fields
au5ax,The Auto Experience at Dezerland Park Orlando
801bt,The Auto Experience at Dezerland Park Orlando
903cu,HPSM Tennis at WPTC
7yst1,HPSM Tennis at WPTC
agmu4,HPSM Tennis at WPTC
qpw59,Cohen Pavilion at The Kravis Center
7rchy,Cohen Pavilion at The Kravis Center
dll2l,Miss Softball Complex Bartow
ixk36,Miss Softball Complex Bartow
ium91,Miss Softball Complex Bartow
nrdhj,Consolidated Fish Farms Inc.
izwrj,Consolidated Fish Farms Inc.
p30er,Tampa Bay Watch Discovery Center
36oef,Tampa Bay Watch Discovery Center
snafz,Boca Raton Train Depot
l18cf,Boca Raton Train Depot
uyt7w,Boca Raton Train Depot
dlwzg,Florida Chautauqua Theatre
kj86b,Florida Chautauqua Theatre
gbsd9,United Soccer Alliance - CCSC
1rjls,United Soccer Alliance - CCSC
47mdq,United Soccer Alliance - CCSC
zrbtp,Emerald Coast Coral Farms
kpc09,Emerald Coast Coral Farms
opvib,Kissimmee Air Museum
f93e6,Kissimmee Air Museum
d5u02,Hunter Amphitheater
sn40i,Hunter Amphitheater
9bw4d,Victor E. Clarke Recital Hall
dkp1v,Victor E. Clarke Recital Hall
ww1o6,Victor E. Clarke Recital Hall
x122b,Loca Lee Buckner Theatre
f0nwv,Loca Lee Buckner Theatre
k6td8,Primrose Tattoo Parlor
sqjyq,Primrose Tattoo Parlor
gkhp1,Primrose Tattoo Parlor
airdy,"Grove Theater, Bistro & Entertainment"
1mf78,"Grove Theater, Bistro & Entertainment"
w1i97,"Grove Theater, Bistro & Entertainment"
pvo1i,Roger Scott Tennis Center
cgekt,Roger Scott Tennis Center
f02l4,Roger Scott Tennis Center
egtm2,Dauer Museum of Classic Cars
q0cuh,Dauer Museum of Classic Cars
s1bgb,Wickers Sports Complex
lrhpi,Wickers Sports Complex
a7uh6,Eco Reef Corals
lvfd6,Eco Reef Corals
q4a9q,Eco Reef Corals
8wd40,Eco Reef Corals
mjam2,Friendship Park Tennis Court
cej0f,Friendship Park Tennis Court
74rre,Palm Harbor Museum
4utth,Palm Harbor Museum
5twkz,AMC Mall of the Americas 14
ghsxe,AMC Mall of the Americas 14
qjbxu,AMC Mall of the Americas 14
myld8,Wildcat Stadium
f3bad,Wildcat Stadium
dat63,Wildcat Stadium
ex9pd,Plant City PRMIERE LUX 8 and Pizza Pub Lake Walden
weinu,Plant City PRMIERE LUX 8 and Pizza Pub Lake Walden
3be1i,Captain Francis A. Hendry House
iyahz,Captain Francis A. Hendry House
yweun,Westminster Academy Athletic Complex
lboro,Westminster Academy Athletic Complex
exxs4,Keating Theatre
g8c92,Keating Theatre
gotry,Museum of Seminole County History
wf6kb,Museum of Seminole County History
srx5i,Vitex Smart Home - Home Security
x4357,Vitex Smart Home - Home Security
i0po4,Bradlee-Mc Intyre House
wh9rb,Bradlee-Mc Intyre House
xudo2,Lincolnville Museum & Cultural Center
vvkq8,Lincolnville Museum & Cultural Center
oefbc,Lincolnville Museum & Cultural Center
35pau,Lake County Soccer Club
avt9k,Lake County Soccer Club
4d98k,Lake County Soccer Club
f6sx0,All Stars Sportsplex
o5kfb,All Stars Sportsplex
nwcoi,Mount Dora Plaza Live
47726,Mount Dora Plaza Live
jr6or,GOAL STATION FUTBOX
yever,GOAL STATION FUTBOX
b3hbx,GOAL STATION FUTBOX
usmue,GOAL STATION FUTBOX
ut3m2,The Brumos Collection
ecxcp,The Brumos Collection
qzuzl,Rossetter House Museum Office
gydk8,Rossetter House Museum Office
z6uc5,Dream City Event Center and Performing Arts
hp4gl,Dream City Event Center and Performing Arts
d225o,Dream City Event Center and Performing Arts
xu235,Lake Catherine Sports Complex
jozqw,Lake Catherine Sports Complex
mxszz,Lake Catherine Sports Complex
zlzst,Civil Axe Throwing - Tampa
gybg6,Civil Axe Throwing - Tampa
j54e0,TFC Indoor and Bootcamp (The Futbol Club)
m2zsc,TFC Indoor and Bootcamp (The Futbol Club)
tzrua,TFC Indoor and Bootcamp (The Futbol Club)
mihdk,Boomers Volleyball Academy
wroys,Boomers Volleyball Academy
suk7k,Boomers Volleyball Academy
br80d,Old Dillard Museum
zswqm,Old Dillard Museum
zm5jg,Palm Coast Little League Fields
91bel,Palm Coast Little League Fields
32fc0,Palm Coast Little League Fields
o8cpd,Roberts Hall
ihsc4,Roberts Hall
mnulh,Roberts Hall
0og8f,Youth Sports Complex
0wbbe,Youth Sports Complex
95gzf,Youth Sports Complex
u7rhv,Roca Theater
enl2b,Roca Theater
dtf69,Nite Owl Theater
6330p,Nite Owl Theater
vu583,Fishy Business Aquatics Fort Myers
1mcbp,Fishy Business Aquatics Fort Myers
vqb76,Fishy Business Aquatics Fort Myers
at86s,Everglades Softball Complex
vqkls,Everglades Softball Complex
467je,Everglades Softball Complex
y6iip,Congo - Kinsasha Train Station
pybcw,Congo - Kinsasha Train Station
jt78b,Museum of Art-DeLand
tmnsh,Museum of Art-DeLand
7ekhc,Museum of Art-DeLand
xmj9r,South Orlando BabeRuth SAY
chjkp,South Orlando BabeRuth SAY
mye2c,Military Sea Services Museum
lwxxe,Military Sea Services Museum
7j6bk,Blanchard House Museum
d2i4j,Blanchard House Museum
bwfrd,American Beach Museum
9idnn,American Beach Museum
z3as9,Audio Connection
fgei0,Audio Connection
e264g,Audio Connection
aj4rh,Cal Dickson Tennis Center
xu3gw,Cal Dickson Tennis Center
7ys12,Cal Dickson Tennis Center
qclq3,"AEO Studios, Inc."
uesim,"AEO Studios, Inc."
ygspt,"AEO Studios, Inc."
q5k18,Sound Advice
8gmnb,Sound Advice
57d3v,Sound Advice
h0wxf,Poinciana Cricket Ground
wde8e,Poinciana Cricket Ground
yud7d,Stanley Falls Flume
486bs,Stanley Falls Flume
rz8uw,The Plumb House Museum
sndvn,The Plumb House Museum
tffvy,The Plumb House Museum
2u58r,The Amazing Adventures of Spider-Man
9e1sn,The Amazing Adventures of Spider-Man
64rmr,The Amazing Adventures of Spider-Man
hqtnx,Imagination Station
6umdo,Imagination Station
lvebt,SkyCoaster Orlando
p22n0,SkyCoaster Orlando
m88w3,SkyCoaster Orlando
oy6tu,Le Jeune Cinema 6
doaoi,Le Jeune Cinema 6
4gyyz,Le Jeune Cinema 6
tc4ma,Melbourne Beach
s6eyt,Melbourne Beach
zynqt,Melbourne Beach
rinnm,The Stage at Thank You Five
qf3yp,The Stage at Thank You Five
oussa,A World of Sound Inc
kcsnw,A World of Sound Inc
um0ca,A World of Sound Inc
3pd1x,Maximum Audio Video
r1ojb,Maximum Audio Video
bgqpg,Maximum Audio Video
h6k5x,Florida Studio Theatre
1zecw,Florida Studio Theatre
rs1rn,Florida Studio Theatre
394nt,Marietta Museum of Art & Whimsy
vpnx7,Marietta Museum of Art & Whimsy
33owf,Marietta Museum of Art & Whimsy
ho6jr,Titan Soccer Complex
akjy2,Titan Soccer Complex
1vi8b,Volusia Speedway Park
nrbkp,Volusia Speedway Park
gevtm,Volusia Speedway Park
zlo9n,Sami Family Amphitheater
ou5f8,Sami Family Amphitheater
bipvf,McKnight Family Sports Complex
gpr53,McKnight Family Sports Complex
1cc55,Parkway 8 Cinema
q3zjm,Parkway 8 Cinema
a5bqj,Parkway 8 Cinema
fy1e6,Paladium Night Club Sports Bar & Lounge
rau5c,Paladium Night Club Sports Bar & Lounge
5rx3e,Paladium Night Club Sports Bar & Lounge
m5qpz,Noah & Heather Wells Present MAXIMUM MAGIC
l3fyg,Noah & Heather Wells Present MAXIMUM MAGIC
na4gx,UNF Field House
3nrc3,UNF Field House
yl67m,Kathleen Area Historical Society Heritage Park
aqnfx,Kathleen Area Historical Society Heritage Park
vqxvn,Kathleen Area Historical Society Heritage Park
q3xa1,Raptor Airsoft Field and Shop
8dg8t,Raptor Airsoft Field and Shop
rf1cu,Raptor Airsoft Field and Shop
fo588,Florida Children's Theatre
26wt1,Florida Children's Theatre
r0mtc,Miami Children's Museum
qha9o,Miami Children's Museum
ljee4,Miami Children's Museum
3y9h3,Woodlea Sports Complex
lqhzo,Woodlea Sports Complex
fyb3r,Woodlea Sports Complex
eloc7,Boardwalk Bowl Entertainment Center
y90jq,Boardwalk Bowl Entertainment Center
ili6o,Boardwalk Bowl Entertainment Center
u10ea,Amelia Island Soccer Club
uydu7,Amelia Island Soccer Club
iqqbr,Oviedo Little League
a782s,Oviedo Little League
dn4xc,Oviedo Little League
hvd1m,Jackie Robinson Training Complex
hlzog,Jackie Robinson Training Complex
lwrq3,Jackie Robinson Training Complex
avy2j,Theatre Tallahassee
jxf79,Theatre Tallahassee
yo8yy,Theatre Tallahassee
pmegw,The Pinellas Park Performing Arts Center
temt5,The Pinellas Park Performing Arts Center
imyoi,The Pinellas Park Performing Arts Center
stxyo,St Lucie County Regional History Center
eb5n7,St Lucie County Regional History Center
w6329,St Lucie County Regional History Center
vro6u,Howard Park Tennis Center
0b5eo,Howard Park Tennis Center
fs386,Howard Park Tennis Center
ya06i,Beachfront Adventure Park
nya4c,Beachfront Adventure Park
sb5li,Beachfront Adventure Park
ltd0j,FUNTANiA ORLANDO - Family Entertainment Center
ac4rc,FUNTANiA ORLANDO - Family Entertainment Center
figbj,FUNTANiA ORLANDO - Family Entertainment Center
6vyg3,Bluewater Bay Tennis Center LC
ygzm8,Bluewater Bay Tennis Center LC
kpyak,Lighthouse ArtCenter Gallery & 2D Studio
5y2zo,Lighthouse ArtCenter Gallery & 2D Studio
tjb0e,DeLand House Museum
n3o1h,DeLand House Museum
612dr,DeLand House Museum
wkmlr,Pirates of the Caribbean
5jqsd,Pirates of the Caribbean
a4h6q,Pirates of the Caribbean
9nffq,VAST Sports Performance
nwoiy,VAST Sports Performance
fmnoj,Easy Street by Funworks
ygmxb,Easy Street by Funworks
r22cg,Easy Street by Funworks
c4mq2,Creative Veins
i3fpb,Creative Veins
wc8mt,Pier Park Amusement Rides
kb1jm,Pier Park Amusement Rides
v50y2,Pier Park Amusement Rides
cfpp1,Matheson History Museum
kmyev,Matheson History Museum
ae3dd,Matheson History Museum
wamx9,Acrosstown Repertory Theatre
e4l85,Acrosstown Repertory Theatre
dunyw,247 Aquariums
g3dq3,247 Aquariums
0cry0,Lake Mary Historical Museum
z02yx,Lake Mary Historical Museum
anhph,Lake Mary Historical Museum
uz6h5,The Exit Games FL | Escape Room
opzmh,The Exit Games FL | Escape Room
m2ih9,The Exit Games FL | Escape Room
glzw0,Aquatic N Exotic Inc.
7nfj3,Aquatic N Exotic Inc.
g9lzo,Aquatic N Exotic Inc.
khmbn,Soccer City
6ryvu,Soccer City
z7zrq,Soccer City
e8p4x,Winter Haven City Tennis Center
92b64,Winter Haven City Tennis Center
dicyd,Winter Haven City Tennis Center
dh7h4,Marketplace Carousel
qhbhk,Marketplace Carousel
7lkr3,Children’s Zoo
m7wuk,Children’s Zoo
vrvj9,Patrick F. Culler performing arts center
zbxpx,Patrick F. Culler performing arts center
k9fuv,Shoestring Theatre Inc
vqkuv,Shoestring Theatre Inc
gzu4m,Santa Fe College Jackson N. Sasser Fine Arts Hall
9xpog,Santa Fe College Jackson N. Sasser Fine Arts Hall
9y8r5,Shipwreck Island Waterpark
c71q0,Shipwreck Island Waterpark
uwbq8,Shipwreck Island Waterpark
b79mh,Gulley Amphitheater
8qfln,Gulley Amphitheater
avsan,The Deltona Amphitheater
nbusx,The Deltona Amphitheater
0bdj8,Unconditional Surrender Sculpture
91yh6,Unconditional Surrender Sculpture
jp7g7,Actors' Rep | Bob Carter's Actor's Workshop and Repertory Theatre
7nyzx,Actors' Rep | Bob Carter's Actor's Workshop and Repertory Theatre
abbx2,Bamboozles Skating
v45ld,Bamboozles Skating
69x7i,MIDFLORIDA Credit Union Amphitheatre
dvnm2,MIDFLORIDA Credit Union Amphitheatre
mjrxc,MIDFLORIDA Credit Union Amphitheatre
uu7uy,Cedar Key State Park- Museum
au427,Cedar Key State Park- Museum
kcilm,Cedar Key State Park- Museum
h1x3z,PowerStories Theatre
zhsyp,PowerStories Theatre
ysv5i,PowerStories Theatre
xxu6s,Gulfshore Playhouse
q3kck,Gulfshore Playhouse
2yau9,Gulfshore Playhouse
6pp8g,Leu House Museum
pnuwo,Leu House Museum
dx7zi,Leu House Museum
lkuzw,American Space Museum & Walk of Fame
s1urs,American Space Museum & Walk of Fame
3ukbm,Orlando Fringe
okpzn,Orlando Fringe
xkavm,Eagle Harbor Tennis
tvb91,Eagle Harbor Tennis
sfyjr,Historic Black Police Precinct Courthouse and Museum
9a9o6,Historic Black Police Precinct Courthouse and Museum
h95fh,Historic Black Police Precinct Courthouse and Museum
6vj9a,Aloma Cinema Grill
zi4de,Aloma Cinema Grill
ebi0s,Aloma Cinema Grill
tk75g,Englewood Tennis Club
kqkrs,Englewood Tennis Club
kbcgb,The Great Magic Hall
fgf3x,The Great Magic Hall
2qwg6,The Great Magic Hall
uy37l,Palm Beach Maritime Museum
58afm,Palm Beach Maritime Museum
130bx,Celebration Little League - Field 1
eenw5,Celebration Little League - Field 1
c245w,Wellington Tennis Center
xnrtt,Wellington Tennis Center
eetsx,Gator Golf Adventure Park
1ddze,Gator Golf Adventure Park
pxo59,Gator Golf Adventure Park
lzcpp,ESPN Wide World of Sports Complex
ebst9,ESPN Wide World of Sports Complex
xnc9o,ESPN Wide World of Sports Complex
po5qa,AMC CLASSIC West Melbourne 12
ixjw8,AMC CLASSIC West Melbourne 12
59idf,AMC CLASSIC West Melbourne 12
ncv1y,High Springs Museum
l7ype,High Springs Museum
14f4y,CMX Downtown at The Gardens 16
n9ys1,CMX Downtown at The Gardens 16
rwq9i,CMX Downtown at The Gardens 16
ix9ee,Rapids Waterpark
i0jpq,Rapids Waterpark
2w7uq,Rapids Waterpark
rwnk0,Big Cat Habitat Gulf Coast Sanctuary
o86ok,Big Cat Habitat Gulf Coast Sanctuary
2klxt,Big Cat Habitat Gulf Coast Sanctuary
uq2f8,Living Reef Aquariums
ssn2s,Living Reef Aquariums
yl9dc,Living Reef Aquariums
hvrvg,Rhoda L Martin Cultural Heritage
tqzh3,Rhoda L Martin Cultural Heritage
fd3nk,Zellwood Community Center Inc
4q1sn,Zellwood Community Center Inc
7665r,All Saints Cinema
mgl6m,All Saints Cinema
8mgk6,Florida State University Museum of Fine Arts
m4m62,Florida State University Museum of Fine Arts
kxhg5,Flagler Beach Historical Museum
0tgeq,Flagler Beach Historical Museum
pt12y,Flagler Beach Historical Museum
v9pwl,Theater On The Edge - Plays In Orlando
nnla9,Theater On The Edge - Plays In Orlando
tru59,Theater On The Edge - Plays In Orlando
03tk6,AMC West Shore 14
95xod,AMC West Shore 14
tsww7,AMC West Shore 14
t6awk,Goldsboro Museum
pw88l,Goldsboro Museum
fnf7y,Goldsboro Museum
on1cr,Tropic Theater
k1b4u,Tropic Theater
nrioq,Tropic Theater
ybehb,Big Lagoon State Park amphitheater
i260m,Big Lagoon State Park amphitheater
kul87,Coastal Heritage Museum
ewemm,Coastal Heritage Museum
6l4ee,Coastal Heritage Museum
tb5ao,Southwest Escambia Sports Complex
eih6q,Southwest Escambia Sports Complex
71rvn,The Marco Players
m00a1,The Marco Players
s1rmf,Scales & Tails
4wy9x,Scales & Tails
78aog,XL Soccer World Lake Nona
iynry,XL Soccer World Lake Nona
tkc2y,Imax
33rx4,Imax
cckf3,Just for Laughs Dinner Theater (Theatre)
n1smc,Just for Laughs Dinner Theater (Theatre)
x7v4b,Holiday Joe
zap2r,Holiday Joe
f8uy4,Holiday Joe
mlybi,Ebenezer Family Farm
ov4ca,Ebenezer Family Farm
794ru,AMC Regency 24
vud0l,AMC Regency 24
doi34,AMC Regency 24
zh2v7,CMX Cinemas Countryside 12 (Formerly Cobb Theatres)
ssgtc,CMX Cinemas Countryside 12 (Formerly Cobb Theatres)
r8pj4,CMX Cinemas Countryside 12 (Formerly Cobb Theatres)
gbggu,Great Explorations Children's Museum
tmd5o,Great Explorations Children's Museum
e1zrr,Great Explorations Children's Museum
nxix3,Sample-McDougald House Preservation Society
lnw8y,Sample-McDougald House Preservation Society
qogoy,University of Tampa Baseball Field
xajb7,University of Tampa Baseball Field
38o4h,The Holocaust Memorial Resource and Education Center of Florida
2yah8,The Holocaust Memorial Resource and Education Center of Florida
menm3,The Holocaust Memorial Resource and Education Center of Florida
krjow,Daily's Place
azjfx,Daily's Place
ltgmh,Daily's Place
yqi1z,Darrell's Aquarium
xgcn6,Darrell's Aquarium
eby1g,Best Buy
mtsti,Best Buy
gojzh,Best Buy
laxc6,Best Buy
qyskf,Best Buy
cgx8c,Best Buy
lpzaq,Elite Aquatics of NWF
fad38,Elite Aquatics of NWF
0j2kw,Broward Outdoor Recreational Complex
msb1d,Broward Outdoor Recreational Complex
itdeq,Paragon Theaters - Delray
70x52,Paragon Theaters - Delray
pu354,Paragon Theaters - Delray
xt536,Wickham Park Amphitheater
ru2u7,Wickham Park Amphitheater
h5m8f,Wickham Park Amphitheater
fpdp8,Cade Museum for Creativity and Invention
m8ykz,Cade Museum for Creativity and Invention
skn7l,Cade Museum for Creativity and Invention
39owu,Marie Selby Botanical Gardens Downtown Sarasota campus
0kr7b,Marie Selby Botanical Gardens Downtown Sarasota campus
bnrw4,Marie Selby Botanical Gardens Downtown Sarasota campus
8yn06,Nite Owl Drive-In + Tropical Market
0rcka,Nite Owl Drive-In + Tropical Market
