id_centros_entretenimiento,centros_entretenimiento
AV78K,xtreme adventures
A8GI9,villagio cinemas
24ZHU,glazer childrens museum
ASKIL,tarpon springs aquarium and animal sanctuary
XG8NU,regal hollywood  port richey
UMW5S,corals and fins
Z17IH,amc highwoods 20
4U0E2,screamageddon
CIXZW,safety harbor museum  cultural center
KZXTN,the vault
KVOFL,pets unlimited
7E20U,pet city
FEUC6,treasure island fun center
45BDQ,marine warehouse aquarium
KRVGA,shallow point charters
UP7U5,fun zone
4MY5D,coral reef aquariums
L6DUX,urban air adventure park  new tampa
WW0IK,captain blighs landing
SI4BS,ybor city chamber of commerce visitor information center
2V69L,tampa theatre
90RHR,touchstar cinemas  spring hill 8
S631W,amc sundial 12
JKE0P,animal house naturals pet center
D0L94,tampa bay history center
S6QXC,xscape theatres  riverview 14
XBL09,celebration station
XH5SC,havana harrys 2
TK92R,henry b plant museum
3LAKJ,sheikra
XM2CL,hr trains  toys
R0WNW,tampa firefighters museum
QKUEU,sea life fish  aquariums
43JMT,cmx countryside 12
Q9JXX,international independent showmens museum
6TYCQ,van gogh alive
6A4AG,st petersburg pier
7W86V,gametime
NN6VP,oakfield lanes of brandon
O8MUN,cinema 6
U0R0L,amc west shore 14
O1TSI,simcenter tampa bay
47COZ,chamber of terror haunted house
MQFLP,old mcmickys farm
NONBT,adventure island
4QTY2,ybor city museum state park
2UZGT,treehoppers aerial adventure park
MJC6O,tampa bay escape room
IWSKO,tampa pitcher show
SE0QE,gqt riverview 14 gdx
R69E6,pin chasers
5G2RF,amc veterans 24
TTQ0Q,cracker country
MZAKV,the james museum of western and wildlife art
EEJ6D,tarpon springs historical society railroad station museum
5RKTC,snowcat ridge
NIHU0,studio movie grill
UXZRZ,the florida aquarium
53A0P,straz center for the performing arts
JIHEQ,swap shop
J2532,centro ybor
SLXIB,skateworld
4J4UJ,zoo tampa at lowry park
SFNP2,cobras curse
ER8QF,regal largo mall
IDXH2,amc tricity 8
T15ZM,the florida holocaust museum
E2F84,american victory ship  museum
7SU36,regal park place  rpx
CMZRV,airheads trampoline arena  st peteclearwater
NK0Z4,morean arts center
FWZFL,winters dolphin tale adventure
IDUJN,outerlife studios  escape room st pete
REXBT,jungle games
IPC0X,cobbsters kitchen  bar
3C766,little explorers
2WQGB,occ road house  museum
3H6SA,tampa bay watch discovery center
OBPVW,armed forces history museum
AO0PT,the art of the brick
ISLL0,replay amusement museum
2WZLQ,the dinner detective
S776Y,amc the regency 20
KG4IR,can you escape
VQEF7,scorpion
07WWW,fun lan drive in theatre
MDE0H,mosi
54JQ6,cheetah hunt
EA6FJ,escape countdown
EOVY3,regal citrus park
KYIGZ,heritage village  historical museum
GOKPD,amc classic palm harbor 10
AT8K7,dr carter g woodson african american museum
W4GIV,fins and skins
IJJY5,whats in your tank
XX1DL,tigris
TRO04,summit adventure park spring hill
GO1OE,big cat rescue
YSUGK,gwazi
EA0ZN,dunedin fine art center
3OH49,petsmart
T9L7O,jump station florida
HGZW6,pjs auto world
2Z6UK,florida museum of photographic arts
C399L,great explorations childrens museum
A51C5,the pier aquarium
UKZSS,r  r ranch
TAR53,wazoo at lowry park zoo
ZMYHZ,laser ops extreme gaming arcade  tampa
T4X8Y,a  r aquariums
HPXS5,moccasin lake nature park
JEL2A,look dinein cinemas
U0VML,museum of fine arts
T8T3C,jc newman cigar company
K33AR,tampa museum of art
9RSFG,amc woodlands square 20
ZQW0U,cmx cinbistro hyde park
K6QJK,croc encounters
ZINUH,suncoast primate sanctuary foundation
NW7W1,henry b plant park
91RNZ,cmx tyrone luxury 10
O3KZA,the coral corral
66SCF,premiere cinemas
YOPG2,mega bite
HHF9W,stageworks theatre
UUNP8,creative aquariums of tampa
C6WVO,st petersburg museum of history
BMJEM,the airosphere
KMIMR,amc riverview 14 gdx
Z60DK,rainbow adult cabaret
W6P2D,bounce house
G8UNZ,pks playzone  grille
2M0XU,amc classic centro ybor 10
VTO3X,busch gardens tampa bay
YDNJ0,chihuly collection
5HPLI,montu
L8K5R,sweetfields farm
V2TTD,clearwater marine aquarium
ZSYX3,tampa bay grand prix
LULLR,surf style
10BER,stop  play
NVGJC,touchstar cinemas  seminole 8
L8DRD,tampa bay automobile museum
MAKMO,earlybird dinner theater
2J5RW,sky zone trampoline park
JGOYS,alligator  wildlife discovery center
FFB79,grove theater bistro  entertainment
LQQZF,suncoast broadway dinner theatre
X5D7E,jennys zoo
5O7S3,smugglers cove adventure golf
IHWSR,cinbistro at grove 16
CR7HY,zootampa at lowry park
NDVPT,christmas town busch gardens
PWREW,duncan mcclellan gallery
5XWRA,xtreme fun center
FY1DD,seaside seabird sanctuary
XPDON,wildlife survival sanctuary
3XQDW,playgrounds of tampa
Q8EGC,tampa bay aquarium
W09V2,manatee viewing center
NPJ52,ruskin family drivein theater
5Z38H,the dali museum
8HEYX,kumba
UAB0M,britton 8 movies
16OIT,dinosaur world
24FJX,spongeorama
AMFKG,falcons fury
BWB64,howloscream
U3MO8,sunset point cinema bar  grille
QM6BS,tampa bay buccaneers
A961H,channelside cinemas imax
B5B0U,westside aquarium  pets
1IFM8,ghost party haunted tours
S50YZ,leeparattner museum of art
XJHL0,imagine museum
V6JX4,mustang flea market
SFLXY,north shore aquatic center
D9TRQ,a tropical reef
7AXQK,bonsai koi ponds
YECHA,fairgrounds st pete
C0V2N,Titusville Mall
8TIMH,Landmark Shopping Center
BFE4V,LandMark Plaza
UTCA6,Manatee County
RKNC8,CocoWalk
APOPF,RK Village Plaza - Raanan Katz Shopping Center
A1ZL8,Legacy Place
WU2FU,Market Street At Heath Brook
NTU2O,Palm Beach Outlet
E8IF3,Tin City
0WUZ6,Orlando International Premium Outlet
PZMQV,European Village
L1V2I,The Grove Shoppes
VU38H,The UPS Store #6657
0W4K2,Anchor Shops & Parking
6K0PZ,Homestead Towne Square
SVHRY,Miami Design District
XLGNY,Lincoln Center
H0WC5,Wellington Mall
5G8QK,Shout Supermarket
AFTEV,Chiefland Regional Shopping Center
BZLDC,Upper Buena Vista
UUTB1,ONE DAYTONA
7JPE4,Thrift Life
0M1FG,Natural Food Market Place
0E99V,The Village at Hunter's Lake
RV1AH,Fashion Square Mall
K5MGL,Plaza 800
2JGG6,Shoppes of Winder Oaks
TJES9,Concorde Plaza
JXRVY,Southgate Shopping Center
X12YY,Glengary Shoppes
FNWUR,Crestwood Square
CZ5R3,Middleton Downtown
RH5HL,Shoppes at Paradise Pointe
SCDKU,Perry Plaza
FR08K,Sparkman Wharf
SZH0F,University Mall
BWLLY,DeSoto Square Mall
J9Z97,Brandon Town Center Drive
M2OJM,Winn-Dixie
I7FHX,Lakeview Plaza
A4482,Rutland Plaza
IQSDN,Dezerland Park Orlando
HMZ4L,The Mall at Millenia
GD09M,Old Boynton Road
BSEHM,Old Boynton Road
TPEEI,The Mall at Wellington Green
S7MDE,Miami International Mall
PVJ8T,Treasure Coast Square Mall
LEG59,Aleena Diamonds
SLXJ1,Westfield Citrus Park
F0BOW,Kings Highway
MNZIW,CMX Dolphin 19 & IMAX
3BKFT,The Shops at Wiregrass
YMZZZ,East Towne Center
8AS1F,The Gardens Mall
MQ5TD,Lakeland Square Mall
HDUPM,The Florida Mall
25SSL,Mobilezone
I42H5,Sweets Plaza
RQNPD,Publix
LNX58,Banana Republic
KE4XA,Lakeshore Mall
9H0SD,Shopping Plaza
EN2NH,Shopping Plaza
PJOOD,Shopping Plaza
F8LH5,Aventura Mall
572AF,Titusville Mall
XW6TF,The Oaks Mall
CNXKG,Live Oak Avenue
3TSQ9,US 27
XZVZW,Tyrone Square Mall
I65IF,Lake Square Mall
13URZ,Port Charlotte Town Center
29E9R,Pinellas Park Square
QFH0G,Mama Rosa's
NTWSV,Merritt Square Mall
97RQF,Belk
EKE1P,I 75
M6AL4,Factory Shops Boulevard
T8F28,Factory Shops Boulevard
KNXJU,I 75
BPU3T,I 75
UGWBI,Factory Shops Boulevard
6O2VQ,Southwest 139th Avenue
WRR64,Seminole Mall
JE21Y,Countryside Mall
0T8V4,Avecina Urgent Care Clinic
HT6PF,Argyle Family Dentistry
M151C,Merchants Gate Drive
ITYL9,Endless Tan
GV0WT,Merchants Gate Drive
I1PO0,Crosshill Blvd
3FA4P,Argyle Forest Boulevard
4F35N,GNC
04GTW,Barber Shop
JPA0N,Crosshill Blvd
4W1MP,Old Middleburg Road South
MXPNW,Merchants Gate Drive
KR219,Justice
WBGSL,Crosshill Blvd
RE77F,Crosshill Blvd
Y1PTI,Crosshill Blvd
385QY,Crosshill Blvd
T5LSN,Dollar Tree
81T7X,Superior Plaza
32EF1,9680
556GV,US 98;US 319
NFR07,Bal Harbour Shops
JB29O,Seminole Towne Center
N0CVB,Heritage Walk
R2CKV,Saint George's Row
SKO11,Wellington Mall
NOVS5,Grande Boulevard
Z6YLI,Eagle Ridge Drive
58EKO,Worth Avenue
7YK4E,Thacker Avenue
14B49,Santa Rosa Mall
ZM83D,Avenue G Southwest
VXEDC,Mall of the Americas
S4I7Q,Hunters Oak Drive
ADAN2,Promenade Square Drive
4CGI5,Hammocks Boulevard
UCUR4,Southwest 169th Court
E50RC,Higate Square
1UZPY,Great Clips TJ Maxx Plaza
VQ4GE,Southwest 42nd Street
VEZEK,Panda Express
881MZ,Southwest 134th Avenue
CLAIZ,Winn-Dixie
DG8XV,Skylake Mall
WVU8E,Champion Plaza
Z8L2N,Northeast 163rd Street
5T0YR,13565
YU2X9,Grand Regency Boulevard
R372Q,Shops at Merrick Park
JSZXP,Mattress Firm
BN40A,Steele Street
ZZVPN,Spencer Drive
T0KF5,3913
A3QHQ,Publix
Z4JUT,Palm Drive
ET32H,Sarasota Square Mall
PE98R,Bliss Salon
QKRY5,Landings Boulevard
EJW95,Westfield Siesta Key
NZVYP,East Hillsborough Avenue
KMV8K,Hillsboro Plaza
W20O4,Sharon Drive
ESRKF,Plantation Square
D4E9L,dd's Discounts
0MAOT,Armstrong Boulevard
8RCRH,Westgate Plaza
EFWT8,US 27
AEC2V,Woodstock Drive
K7NSC,Southchase Village
L7P70,Bluffs Square Shoppes
DNHPT,I 95
LQ4J3,Colonial Promenade
0E18D,6000
MKVI2,Mall at University Town Center
BZ09B,Paragon Ocean Walk 10
4DGAZ,Colony Square Drive
BMC3Q,Colony Boulevard
UEYO9,Philips Highway
XITTY,Volusia Mall
GV5PX,Broadway's
VRKOP,415
1TF0V,Hopewell Avenue
MSNYM,East Alexander Street
9YL4O,James L Redman Parkway
ECZV3,East Alexander Street
W1FFA,James L Redman Parkway
4HTX1,Today's Male
UZHSG,Sunset Harbour Shops
J2JA4,James L Redman Parkway
1JHYE,Southwest 89th Lane
BVQ1H,Gulf View Square Mall
BC6D0,Cordova Mall
34W2U,Bartow Shopping Center
OLH7T,Century 21
V2SN1,Brandon Center
GPNHV,Clayton Mall
BFP8V,West Langford Drive
GROWT,Tampa Premium Outlets
N9MN3,Okeechobee Boulevard
UVKXJ,Westland Mall
JM1JC,Ultramont Mall
VO2M9,B&B Joint
X5LKE,West 1st Avenue
K5NCV,Uleta Plaza
1LATS,Lincoln Road Mall
AJ3VF,Canton Avenue
2NSQF,430
6M031,Indian River Mall
H9S16,Southwest 91st Court
FKJZF,Southwest 136th Street
CG4E3,Southwest 135th Terrace
XJNCX,Sunshine Park Mall
JBUXB,Centre of Tallahassee
JI8JM,Altamonte Mall
DWF34,Palm Plaza
9WUAW,Tommy Hilfiger
MJIMI,Mattress Firm
DPV01,Southwest 120th Street
RLUSZ,TJ Max
N99XG,Community Drive
WYSPJ,Old Military Trail
VPJRX,South Chillingworth Drive
49SKD,Frank Street
PBDGF,The Big Apple Shopping Bazaar
SOS0D,Indian Rocks Road
X22UH,Murdock Plaza
8JNKT,Quesada Avenue
1XFVA,5th Street Southwest
C73OB,Governor's Square Mall
N4UON,West Griflow Street
4HPOV,3878
GRLAQ,East Fowler Avenue
QL042,Providence Road
53A0D,Tamiami Trail South
IY6S8,Immokalee Road
OXP5C,International Plaza and Bay Street
35OQ2,International Plaza and Bay Street
39KDL,Corkscrew Village Lane
N5KRM,West Terry Street
2PN3B,93rd Avenue North
RAVKX,94th Avenue North
YEVT6,Lake City Mall
90POR,Publix Liquors
LJTGP,Lake Gray Boulevard
HNMZ3,Lake Gray Boulevard
SHAMZ,26th Street West
E33OB,Lee's Alterations
I5A88,Legendary Drive
73KHN,Forsyth Road
MIPQ4,Iglesia Cristiana lel Rebano
A6H1Q,West Lancaster Road
SK3O4,Pino Gelato Cafe
ZNXHK,Patrol Road
7OOL3,Plaza del Sol
Y6VBA,Sevilla Plaza
9BTS0,Sand Lake Road
KVPO8,Sand Lake Road
F56E9,Sand Lake Road
GWMMF,Sand Lake Road
DY3CF,Sand Lake Road
XU7XZ,Sand Lake Road
QV8RS,Sand Lake Road
ITD5Z,Maud Street
M5RQX,Maud Street
D1FP7,Maud Street
O8901,University Village Shops
L19IY,Aventura Mall
JJ6WS,Wekiwa Springs Road
DXA7Q,Westshore Plaza Mall
KNQHC,Orlando Avenue
2N53U,Orlando Avenue
X6RJ0,Webster Avenue
LO61H,Orlando Avenue
J7LZX,Orlando Avenue
R1C2O,Orlando Avenue
ZQZZH,Beachview Avenue
FGCXY,Southwest 135th Terrace
ZQQYY,Southwest 135th Terrace
200OW,Town Square Center
14IZC,Hudson
CJ4KI,Kingston Drive East
U3ANC,Kingston Drive East
JO3KM,Village Square Shopping Center
1G4ZA,Homestead Station
AO2A9,The Lighthouse Shoppes
HIIPF,South Valrico Road
UBN33,Mirror Terrace Northwest
V1TSS,Freeway Insurance
14WES,KWIK Tax Refund
TD2GQ,Southeast Plaza
EUDSA,Brickell Smoke Shop
GD3Q2,Publix
FWOXB,Federal Highway
6E6MD,Post Avenue Southwest
2D4UF,Avenue O Southwest
B659V,Grove Avenue
ZAIUP,17th Street
FAUYZ,Ocooee Plaza
ARVQ6,McDonald Terrace
NEVTW,Poinsettia Drive
QLLE3,East Edgewood Drive
L8DEV,Reynolds Street
HS5U2,Palm Beach Boulevard
QR7AX,Palm Beach Boulevard
Y65NV,Palm Beach Boulevard
E4R66,Palm Beach Boulevard
WOCZW,Pierre Lane
OFPH8,Market Square
HHR4R,North Parsons Plaza
DVSEG,ALDI
PPX03,Brooks Street
KFFK0,Publix
9ATEW,ALDI
KR8AK,Mason Avenue
DKKO1,Crystal River Mall
J27VM,8th Avenue Drive West
NWF1V,39th Street West
6PHMF,Bayou Plaza
TKLK1,SoMo Walls
AK5O3,Foot Solutions
HCVZ5,Alpine Center
7WBS5,Florida Keys Outlet Center
ZNSVR,American Eagle Outfitters
1YKFJ,Southwest 58th Avenue
0HM6V,Dyer Boulevard
DGR68,Sand Lake Road
19BV7,Sand Lake Road
ZRAH5,300
DXD4Q,Peachland Boulevard
HUFGI,Quesada Avenue
4UGOY,Heritage Plaza
QX4P7,Tamiami Trail
BSS96,International Plaza and Bay Street
QJI53,Tour Boat Boarding
OJBW8,Titusville Mall
P9PQU,Landmark Shopping Center
VAZ10,LandMark Plaza
DUMHQ,Manatee County
5BP9Q,CocoWalk
MQJ0T,RK Village Plaza - Raanan Katz Shopping Center
PUILQ,Legacy Place
76NXW,Market Street At Heath Brook
G6LOM,Palm Beach Outlet
KS4OU,Tin City
WEU9S,Orlando International Premium Outlet
VH9IL,European Village
C9CH0,The Grove Shoppes
GHN7G,The UPS Store #6657
HPE5B,Anchor Shops & Parking
42P4N,Homestead Towne Square
EJRHL,Miami Design District
ALPTM,Lincoln Center
GX8AQ,Wellington Mall
2ZRWG,Shout Supermarket
BG38X,Chiefland Regional Shopping Center
DGYOB,Upper Buena Vista
4KC23,ONE DAYTONA
86R9X,Thrift Life
WRH7F,Natural Food Market Place
MQVIG,The Village at Hunter's Lake
T05Y6,Fashion Square Mall
OLDCK,Plaza 800
MDTVO,Shoppes of Winder Oaks
2EC6G,Concorde Plaza
PWSIT,Southgate Shopping Center
9GZI2,Glengary Shoppes
ERBK8,Crestwood Square
94XWQ,Middleton Downtown
AEIGG,Shoppes at Paradise Pointe
09UP8,Perry Plaza
EW18J,Sparkman Wharf
GGF6D,University Mall
ARGXR,DeSoto Square Mall
6QSKM,Brandon Town Center Drive
MAIJT,Winn-Dixie
HIDZC,Lakeview Plaza
9KTNF,Rutland Plaza
UPDPK,Dezerland Park Orlando
UCT95,The Mall at Millenia
WHHAX,Old Boynton Road
AX0EA,Old Boynton Road
WXB49,The Mall at Wellington Green
S4VAP,Miami International Mall
76P5S,Treasure Coast Square Mall
OEAU9,Aleena Diamonds
ZCK69,Westfield Citrus Park
8KTDC,Kings Highway
W9A9Z,CMX Dolphin 19 & IMAX
5A8FD,The Shops at Wiregrass
YRBXI,East Towne Center
KT91A,The Gardens Mall
WRZQ5,Lakeland Square Mall
EYN0U,The Florida Mall
IO8EX,Mobilezone
G0Q4W,Sweets Plaza
XCVQL,Publix
3H1JA,Banana Republic
OBPGV,Lakeshore Mall
0CAS7,Shopping Plaza
0QLFE,Shopping Plaza
OAAEW,Shopping Plaza
NF7ZP,Aventura Mall
4QWIW,Titusville Mall
87NN2,The Oaks Mall
PNS4K,Live Oak Avenue
5H4TV,US 27
SCPBR,Tyrone Square Mall
YWW1Y,Lake Square Mall
CPMAJ,Port Charlotte Town Center
O69QO,Pinellas Park Square
RSCWI,Mama Rosa's
JLPVC,Merritt Square Mall
SO98J,Belk
F8CYM,I 75
4D1MV,Factory Shops Boulevard
5POTB,Factory Shops Boulevard
9TTK9,I 75
AMN9P,I 75
2WKAV,Factory Shops Boulevard
O830R,Southwest 139th Avenue
L7LI8,Seminole Mall
25OYU,Countryside Mall
8TBJI,Avecina Urgent Care Clinic
J2GKA,Argyle Family Dentistry
F7OBR,Merchants Gate Drive
0TAQH,Endless Tan
OXK43,Merchants Gate Drive
P1ALY,Crosshill Blvd
1R4GM,Argyle Forest Boulevard
B59M7,GNC
SLMEY,Barber Shop
H37TU,Crosshill Blvd
U1TG2,Old Middleburg Road South
B980D,Merchants Gate Drive
6E9HI,Justice
Z5TII,Crosshill Blvd
8J73W,Crosshill Blvd
KG7AV,Crosshill Blvd
G0IMS,Crosshill Blvd
PMM7X,Dollar Tree
I8GEI,Superior Plaza
D5XJ7,9680
W8NJK,US 98;US 319
R4S91,Bal Harbour Shops
LS2N2,Seminole Towne Center
A9F7I,Heritage Walk
INXGD,Saint George's Row
QGXL1,Wellington Mall
OB2QM,Grande Boulevard
1Z76X,Eagle Ridge Drive
UNPWO,Worth Avenue
ADOQG,Thacker Avenue
OJHKU,Santa Rosa Mall
YPEIW,Avenue G Southwest
L9IB7,Mall of the Americas
N0QC0,Hunters Oak Drive
JSW58,Promenade Square Drive
XFA27,Hammocks Boulevard
M9P6F,Southwest 169th Court
DQP1Q,Higate Square
QVBRH,Great Clips TJ Maxx Plaza
REES8,Southwest 42nd Street
OPM02,Panda Express
SURZE,Southwest 134th Avenue
UUFX6,Winn-Dixie
OAUVJ,Skylake Mall
QCCUQ,Bed Bath & Beyond
TXJNZ,Northeast 163rd Street
B2VM9,13565
K26ZD,Grand Regency Boulevard
H9ECZ,Shops at Merrick Park
OIZBN,Mattress Firm
JTKG9,Steele Street
NA4RQ,Spencer Drive
4LJLY,3913
FH74W,Publix
MJ124,Palm Drive
HOOMI,Sarasota Square Mall
Y3U9G,Bliss Salon
ZNKYU,Landings Boulevard
TYKCE,Westfield Siesta Key
9F56E,East Hillsborough Avenue
PI6AW,Hillsboro Plaza
8B14C,Sharon Drive
SQHSH,Plantation Square
MAGPW,dd's Discounts
12G73,Armstrong Boulevard
8HSYD,Westgate Plaza
WMM3H,US 27
WXFL3,Woodstock Drive
JWQ4Q,Southchase Village
L3HQO,Bluffs Square Shoppes
26FGT,I 95
N6ZUT,Colonial Promenade
J789U,6000
G2OFF,Mall at University Town Center
CRGAH,Paragon Ocean Walk 10
SQ6NF,Colony Square Drive
HYPDV,Colony Boulevard
XI1WJ,Philips Highway
4WAAG,Volusia Mall
F2CQI,Broadway's
HR11V,415
61YVG,Hopewell Avenue
TJE07,East Alexander Street
NGBIX,James L Redman Parkway
I2JPQ,East Alexander Street
Z8A8C,James L Redman Parkway
3LI3T,Today's Male
DS8NU,Sunset Harbour Shops
YQQJK,James L Redman Parkway
IRHXI,Southwest 89th Lane
WAHAX,Gulf View Square Mall
UGRWZ,Cordova Mall
7CW4M,Bartow Shopping Center
Y3VQD,Century 21
ZSM68,Brandon Center
QM5XB,Clayton Mall
Y11W1,West Langford Drive
MOZ6Z,Tampa Premium Outlets
UBSCZ,Okeechobee Boulevard
54AI9,Westland Mall
LQ32H,Ultramont Mall
ILLRD,B&B Joint
92CVC,West 1st Avenue
XW8D9,Uleta Plaza
B2RZ6,Lincoln Road Mall
JPF0C,Canton Avenue
4C4X6,430
C6LS7,Indian River Mall
3Z5F0,Southwest 91st Court
56IYM,Southwest 136th Street
YOBXB,Southwest 135th Terrace
ZO6QK,Sunshine Park Mall
M2GKV,Centre of Tallahassee
SM0KT,Altamonte Mall
3UD13,Palm Plaza
0OB29,Tommy Hilfiger
AS0HA,Mattress Firm
8HMQR,Southwest 120th Street
8O7V1,TJ Max
CLH3V,Community Drive
JFOX4,Old Military Trail
XDITY,South Chillingworth Drive
H6I3Q,Frank Street
X3OBZ,The Big Apple Shopping Bazaar
A02TJ,Indian Rocks Road
TSF0Y,Murdock Plaza
7CGMB,Quesada Avenue
5I1N9,5th Street Southwest
GDPSL,Governor's Square Mall
Z0CQJ,West Griflow Street
BRJ5H,3878
AWOF9,East Fowler Avenue
NR807,Providence Road
W5KNI,Tamiami Trail South
DA6U1,Immokalee Road
XQVIH,International Plaza and Bay Street
4G973,International Plaza and Bay Street
20BU8,Corkscrew Village Lane
D9DE4,West Terry Street
YSVTK,93rd Avenue North
T22Q1,94th Avenue North
M1PEC,Lake City Mall
HQFO0,Publix Liquors
11MDJ,Lake Gray Boulevard
LA8O8,Lake Gray Boulevard
H1ZM3,26th Street West
7HG35,Lee's Alterations
FNV9W,Legendary Drive
2CJM3,Forsyth Road
PSHO3,Iglesia Cristiana lel Rebano
78D9P,West Lancaster Road
7KQDW,Pino Gelato Cafe
TA9HV,Patrol Road
H6F1B,Plaza del Sol
E5MWA,Sevilla Plaza
IAOGT,Sand Lake Road
HHLD8,Sand Lake Road
H1FBA,Sand Lake Road
RCOFG,Sand Lake Road
NYXS1,Sand Lake Road
85MMO,Sand Lake Road
J63AU,Sand Lake Road
834ZU,Maud Street
XHPCW,Maud Street
KQC65,Maud Street
BYYG8,University Village Shops
OBGF0,Aventura Mall
F70K8,Wekiwa Springs Road
IP7XA,Westshore Plaza Mall
INMCY,Orlando Avenue
GAD3P,Orlando Avenue
JY0CB,Webster Avenue
C6ISV,Orlando Avenue
UTEYE,Orlando Avenue
9KFYX,Orlando Avenue
HE4LC,Beachview Avenue
6AC3V,Southwest 135th Terrace
R30MV,Southwest 135th Terrace
6E664,Town Square Center
3G5SV,Hudson
KQQC4,Kingston Drive East
DINSX,Kingston Drive East
0T5ZJ,Village Square Shopping Center
Q4L1W,Homestead Station
6E4AR,The Lighthouse Shoppes
EMFZX,South Valrico Road
HF1Z0,Mirror Terrace Northwest
3Y3FL,Freeway Insurance
OKOIS,KWIK Tax Refund
YKVOV,Southeast Plaza
OHI1J,Brickell Smoke Shop
TZM81,Publix
C1F6R,Federal Highway
M34JK,Post Avenue Southwest
GJKYH,Avenue O Southwest
BW2N2,Grove Avenue
2HU5U,17th Street
1RLRU,Ocooee Plaza
9M4R2,McDonald Terrace
PK104,Poinsettia Drive
Y4UBU,East Edgewood Drive
D02OA,Reynolds Street
F4WYW,Palm Beach Boulevard
XYKDY,Palm Beach Boulevard
1AZRU,Palm Beach Boulevard
L105Y,Palm Beach Boulevard
9GKLS,Pierre Lane
ETX3Z,Market Square
M6Y8V,North Parsons Plaza
DJPD4,ALDI
78I26,Brooks Street
G0W1M,Publix
LOXDB,ALDI
LSY68,Mason Avenue
RAYXL,Crystal River Mall
9E10Z,8th Avenue Drive West
QXPI7,39th Street West
J38VY,Bayou Plaza
9HVJF,SoMo Walls
XS1Q1,Foot Solutions
SHV3S,Alpine Center
NXW51,Florida Keys Outlet Center
1UO2R,American Eagle Outfitters
E27SZ,Southwest 58th Avenue
TF8CJ,Dyer Boulevard
7MSI7,Sand Lake Road
LI9U1,Sand Lake Road
Q3CYH,300
T72H5,Peachland Boulevard
U303T,Quesada Avenue
XOYJL,Heritage Plaza
U1AOP,Tamiami Trail
VOXYG,International Plaza and Bay Street
55RQI,Tour Boat Boarding
X992N,Titusville Mall
LTH9R,Landmark Shopping Center
UYXLY,LandMark Plaza
NVCCP,Manatee County
VP671,CocoWalk
IWNTW,RK Village Plaza - Raanan Katz Shopping Center
KBL1V,Legacy Place
6WET7,Market Street At Heath Brook
ZP2D8,Palm Beach Outlet
G97U1,Tin City
VB7SF,Orlando International Premium Outlet
H5GYC,European Village
AB794,The Grove Shoppes
RPMRM,The UPS Store #6657
WMXL2,Anchor Shops & Parking
N3IUB,Homestead Towne Square
JRJL4,Miami Design District
4E4OP,Lincoln Center
N7GQB,Wellington Mall
V7G4K,Shout Supermarket
PENN1,Chiefland Regional Shopping Center
1HN90,Upper Buena Vista
RVKJG,ONE DAYTONA
HGTG7,Thrift Life
I7VDZ,Natural Food Market Place
5SMM4,The Village at Hunter's Lake
ZOOIA,Fashion Square Mall
TXJCT,Plaza 800
T998V,Shoppes of Winder Oaks
A826O,Concorde Plaza
U9NYH,Southgate Shopping Center
MPUO1,Glengary Shoppes
8Z1FM,Crestwood Square
3D8RE,Middleton Downtown
7BFA0,Shoppes at Paradise Pointe
EXJGI,Perry Plaza
EXBLY,Sparkman Wharf
11JZS,University Mall
66PVV,DeSoto Square Mall
X0L52,Brandon Town Center Drive
TOFOR,Winn-Dixie
07TE2,Lakeview Plaza
7CYZJ,Rutland Plaza
HGJRW,Dezerland Park Orlando
KX8RQ,The Mall at Millenia
CVVXI,Old Boynton Road
Z78VU,Old Boynton Road
7YQXR,The Mall at Wellington Green
6FT0K,Miami International Mall
6XDL5,Treasure Coast Square Mall
85OMU,Aleena Diamonds
SVI0I,Westfield Citrus Park
0CAKV,Kings Highway
GIXVN,CMX Dolphin 19 & IMAX
N3TIY,The Shops at Wiregrass
RKYYF,East Towne Center
CXXJG,The Gardens Mall
IG1B0,Lakeland Square Mall
8NSZ0,The Florida Mall
65DPH,Mobilezone
EUJCT,Sweets Plaza
GN8WF,Publix
5KS0V,Banana Republic
33E20,Lakeshore Mall
UFWKH,Shopping Plaza
LASA9,Shopping Plaza
5AT39,Shopping Plaza
JIX4O,Aventura Mall
PULQQ,Titusville Mall
5F9TY,The Oaks Mall
UUG9K,Live Oak Avenue
XY0XF,US 27
3BJ9T,Tyrone Square Mall
MVZ8Q,Lake Square Mall
POOTT,Port Charlotte Town Center
9W6O5,Pinellas Park Square
FUFOI,Mama Rosa's
NOCE1,Merritt Square Mall
2X2WN,Belk
I1XM4,I 75
9CHHB,Factory Shops Boulevard
CABJR,Factory Shops Boulevard
XCEKG,I 75
SHYRQ,I 75
PIOCT,Factory Shops Boulevard
DKBV5,Southwest 139th Avenue
WMTK2,Seminole Mall
2Z1CA,Countryside Mall
N8XS7,Avecina Urgent Care Clinic
K91C3,Crosshill Blvd
8FFJG,Crosshill Blvd
9CUXV,Old Middleburg Road South
PX9SZ,Merchants Gate Drive
GPRLK,Crosshill Blvd
19I09,Crosshill Blvd
ISRGO,Superior Plaza
F7Z88,9680
ECN4P,US 98;US 319
KHX1O,Bal Harbour Shops
8DEZH,Seminole Towne Center
IA7V2,Heritage Walk
GI9E0,Saint George's Row
FS34X,Wellington Mall
VYS9Q,Grande Boulevard
BIE10,Eagle Ridge Drive
N5W1W,Worth Avenue
0JND2,Thacker Avenue
OSWGH,Santa Rosa Mall
3TDCY,Avenue G Southwest
P038N,Mall of the Americas
DB4L6,Hunters Oak Drive
3PL3B,Promenade Square Drive
7EQKU,Hammocks Boulevard
O6KWI,Southwest 169th Court
6V6W1,Higate Square
UGQI1,Great Clips TJ Maxx Plaza
T4BET,Southwest 42nd Street
S40XV,Panda Express
8Q9P8,Southwest 134th Avenue
GG6X3,Winn-Dixie
FKRGH,Skylake Mall
64ZB8,Bed Bath & Beyond
2MVWB,Northeast 163rd Street
G60GN,13565
TUG91,Grand Regency Boulevard
SHTYV,Shops at Merrick Park
QPUGR,Mattress Firm
SOPDK,Steele Street
0CV9Z,Spencer Drive
ZQ24R,3913
N3W84,Publix
XSRSC,Palm Drive
EW5LO,Sarasota Square Mall
ZVDJ8,Bliss Salon
OI6H7,Landings Boulevard
W29ZG,Westfield Siesta Key
GBP6O,East Hillsborough Avenue
HSUUG,Hillsboro Plaza
9XUFN,Sharon Drive
IVHL5,Plantation Square
DYCFD,dd's Discounts
Y1OCB,Armstrong Boulevard
DKDGD,Westgate Plaza
4HFPV,US 27
2ZXZK,Woodstock Drive
W0EHN,Southchase Village
OPMV2,Bluffs Square Shoppes
TAR9C,I 95
FH9CL,Colonial Promenade
4G3NY,Town Center at Boca Raton
0C1C9,Mall at University Town Center
RB540,Colony Square Drive
MWFVH,Colony Boulevard
JHW2L,Philips Highway
ZC3QK,Volusia Mall
LJLML,Broadway's
YWIR3,415
WVT0Q,Hopewell Avenue
RAGCM,James L Redman Parkway
DONQ4,James L Redman Parkway
44Z49,Today's Male
NBZD6,Sunset Harbour Shops
0205C,James L Redman Parkway
JAJPJ,Southwest 89th Lane
DGSZ5,Gulf View Square Mall
JK085,Cordova Mall
B2P0Z,Bartow Shopping Center
MRB8V,Century 21
K48US,Brandon Center
PJ1M8,Clayton Mall
DJ0I1,West Langford Drive
CELTX,Tampa Premium Outlets
CR0D7,Okeechobee Boulevard
JIQMT,Westland Mall
XIY5U,Ultramont Mall
YFWFC,B&B Joint
UHHVW,West 1st Avenue
H19BO,Uleta Plaza
C8DSS,Lincoln Road Mall
T9WOH,Canton Avenue
ACCUP,430
BGRCS,Indian River Mall
2GTQ9,Southwest 91st Court
I62ND,Southwest 136th Street
O88RM,Southwest 135th Terrace
YHT4Q,Sunshine Park Mall
66W9S,Centre of Tallahassee
KGL1O,Altamonte Mall
Y1EQL,Palm Plaza
7OTWL,Tommy Hilfiger
J5E38,Mattress Firm
C5ICJ,Southwest 120th Street
XAZTQ,TJ Max
TR858,Community Drive
X1MLA,Old Military Trail
NWTDO,South Chillingworth Drive
OTI1Z,Frank Street
WFEST,The Big Apple Shopping Bazaar
RHE1C,Indian Rocks Road
1PM49,Murdock Plaza
3BQ7T,Quesada Avenue
GMZ2S,5th Street Southwest
PA5GJ,Governor's Square Mall
DGU11,West Griflow Street
XZ13T,3878
KTFHA,East Fowler Avenue
7N94P,Providence Road
D3U1R,Tamiami Trail South
U7D1W,Immokalee Road
5OXDW,International Plaza and Bay Street
VWAEP,International Plaza and Bay Street
ZOCE1,Corkscrew Village Lane
HU4X9,West Terry Street
RDJ2T,93rd Avenue North
9A9CB,94th Avenue North
4D4FV,Lake City Mall
DZ9C9,Publix Liquors
Q4MBF,Lake Gray Boulevard
80I74,Lake Gray Boulevard
SU512,26th Street West
52VB7,Lee's Alterations
88F90,Legendary Drive
Z980A,Forsyth Road
KLI0Z,Iglesia Cristiana lel Rebano
7AGMP,West Lancaster Road
HEC6A,Pino Gelato Cafe
XL2Q8,Patrol Road
AN2GT,Plaza del Sol
4T6S9,Sevilla Plaza
QJTC5,Sand Lake Road
9M3VQ,Sand Lake Road
ZZG0P,Sand Lake Road
CM7MH,Sand Lake Road
C62YA,Sand Lake Road
S7F81,Sand Lake Road
5AQWK,Sand Lake Road
29O1Q,Maud Street
LE8LU,Maud Street
QYWUQ,Maud Street
2L05Z,University Village Shops
JQ9S0,Aventura Mall
KAJLV,Wekiwa Springs Road
JVJ8B,Westshore Plaza Mall
JR8BX,Orlando Avenue
JJSFH,Orlando Avenue
YKZYT,Webster Avenue
0A3BN,Orlando Avenue
0QMLL,Orlando Avenue
GN4E3,Orlando Avenue
8MD5I,Beachview Avenue
EPV3O,Southwest 135th Terrace
HA3BY,Southwest 135th Terrace
5QXEE,Town Square Center
PBOUW,Hudson
KA5A9,Kingston Drive East
JYCP8,Kingston Drive East
4WNLR,Village Square Shopping Center
1563O,Homestead Station
H7AJR,The Lighthouse Shoppes
C7Z3Y,South Valrico Road
D5AH5,Mirror Terrace Northwest
BQVPS,Freeway Insurance
B6VWX,KWIK Tax Refund
PRQUR,Southeast Plaza
AHJVF,Brickell Smoke Shop
5HFTO,Publix
T2YLE,Federal Highway
JDSUD,Post Avenue Southwest
L5RNM,Avenue O Southwest
R2Z78,Grove Avenue
17WLN,17th Street
BO6W1,Ocooee Plaza
JM2P2,McDonald Terrace
DLNHP,Poinsettia Drive
OI1P6,East Edgewood Drive
YDNBW,Reynolds Street
Z4OXK,Palm Beach Boulevard
GBYPC,Palm Beach Boulevard
3EH9W,Palm Beach Boulevard
DHSOZ,Palm Beach Boulevard
WBHR4,Pierre Lane
S6TNI,Market Square
0LIE9,North Parsons Plaza
V5UEX,ALDI
TGOAP,Brooks Street
8CVH9,Publix
8QDQ1,ALDI
HVLF2,Mason Avenue
71ZX6,Crystal River Mall
E6H7L,8th Avenue Drive West
KB6QG,39th Street West
TQ6F1,Bayou Plaza
CW41B,SoMo Walls
KP9BP,Foot Solutions
BNYNN,Alpine Center
RL2ZX,Florida Keys Outlet Center
P1OK8,American Eagle Outfitters
2SVY9,Southwest 58th Avenue
MHSNL,Dyer Boulevard
49TAH,Sand Lake Road
X1W5S,Sand Lake Road
RQL11,300
HB6PX,Peachland Boulevard
GVL78,Quesada Avenue
KEMYH,Heritage Plaza
1L44Y,Tamiami Trail
R7D00,International Plaza and Bay Street
6IGON,Tour Boat Boarding
PKC5Z,Titusville Mall
Q9UHC,Landmark Shopping Center
I2Z85,LandMark Plaza
6J7MX,Manatee County
Z49CW,CocoWalk
T6H91,RK Village Plaza - Raanan Katz Shopping Center
YNTDI,Legacy Place
INXOR,Market Street At Heath Brook
MBEDA,Palm Beach Outlet
F4YQ3,Tin City
ZVVBM,Orlando International Premium Outlet
CMIQ8,European Village
8RIJ3,The Grove Shoppes
HDGR6,The UPS Store #6657
NMCWK,Anchor Shops & Parking
9CA9L,Homestead Towne Square
GWFAI,Miami Design District
C96WM,Lincoln Center
9MWGH,Wellington Mall
6KXAT,Shout Supermarket
D053F,Chiefland Regional Shopping Center
TE9TH,Upper Buena Vista
2KWB7,ONE DAYTONA
PSOA1,Thrift Life
EGPY5,Natural Food Market Place
6JETS,The Village at Hunter's Lake
X5VJE,Fashion Square Mall
7MIN0,Plaza 800
VNCP9,Shoppes of Winder Oaks
9D88Y,Concorde Plaza
HDL6Q,Southgate Shopping Center
KI71R,Glengary Shoppes
PK54A,Crestwood Square
4J364,Middleton Downtown
4HV6Z,Shoppes at Paradise Pointe
RSIVX,Perry Plaza
YGG92,Sparkman Wharf
8NI8O,University Mall
17O5C,DeSoto Square Mall
FZKH3,Brandon Town Center Drive
9X0UO,Winn-Dixie
7M14R,Lakeview Plaza
WUN42,Rutland Plaza
ZY7ES,Dezerland Park Orlando
7DGS3,The Mall at Millenia
K9N0Z,Old Boynton Road
59011,Old Boynton Road
ZAWIQ,The Mall at Wellington Green
SZ2T9,Miami International Mall
3PHYQ,Treasure Coast Square Mall
6AWUJ,Aleena Diamonds
3Y89M,Westfield Citrus Park
8Z2YC,Kings Highway
ABYB0,CMX Dolphin 19 & IMAX
JFCUJ,The Shops at Wiregrass
7PZL0,East Towne Center
NFMJ4,The Gardens Mall
VZQ8D,Lakeland Square Mall
TZ1IY,The Florida Mall
RTWO5,Mobilezone
0OSCI,Sweets Plaza
U53FZ,Publix
5IHN9,Banana Republic
6L4FY,Lakeshore Mall
OSCBU,Shopping Plaza
1MMRR,Shopping Plaza
7SDH3,Shopping Plaza
QV0ZK,Aventura Mall
MSUS9,Titusville Mall
FGIBE,The Oaks Mall
1RH6T,Live Oak Avenue
RSUXZ,US 27
5HJH2,Tyrone Square Mall
NGCQE,Lake Square Mall
30OWS,Port Charlotte Town Center
NGS1L,Pinellas Park Square
X6J2F,Mama Rosa's
M9ECZ,Merritt Square Mall
BA2M4,Belk
NAJ9Y,I 75
LS1VK,Factory Shops Boulevard
0DK3E,Factory Shops Boulevard
J7QFJ,I 75
YMQFY,I 75
YZDLH,Factory Shops Boulevard
V0WLS,Southwest 139th Avenue
GCHW5,Seminole Mall
5TSIB,Countryside Mall
OSHNY,Crosshill Blvd
9J2GB,Crosshill Blvd
V6DPO,Superior Plaza
V14BY,9680
SO2N4,US 98;US 319
0CI06,Bal Harbour Shops
PU1A0,Seminole Towne Center
6BUUQ,Heritage Walk
V8BI7,Saint George's Row
NATUM,Wellington Mall
QEHNS,Grande Boulevard
NN519,Eagle Ridge Drive
HPJ5A,Worth Avenue
IKHNS,Thacker Avenue
7ABDM,Santa Rosa Mall
UJRJM,Avenue G Southwest
CI619,Mall of the Americas
JH0D6,Hunters Oak Drive
YTVYF,Promenade Square Drive
KJ56T,Hammocks Boulevard
73I7N,Southwest 169th Court
SGTSQ,Higate Square
J4BIW,Great Clips TJ Maxx Plaza
CZAP2,Southwest 42nd Street
WAY8T,Panda Express
688Q9,Southwest 134th Avenue
M281L,Winn-Dixie
CYNEM,Skylake Mall
IET9Q,Bed Bath & Beyond
QM669,Northeast 163rd Street
UQ8EN,13565
3U6FJ,Grand Regency Boulevard
0GNYN,Shops at Merrick Park
E5O4F,Mattress Firm
SQ5OE,Steele Street
8223Y,Spencer Drive
HZ7PO,3913
XUCM5,Publix
2J1IJ,Palm Drive
F7YRK,Sarasota Square Mall
RWCEY,Bliss Salon
VCN1B,Landings Boulevard
XV4FP,Westfield Siesta Key
M4AEY,East Hillsborough Avenue
XMZRM,Hillsboro Plaza
09DAO,Sharon Drive
4YCRT,Plantation Square
MZK7L,dd's Discounts
1CYAM,Armstrong Boulevard
RLTDD,Westgate Plaza
MCU7M,US 27
YHB2J,Woodstock Drive
EDR1Q,Southchase Village
BWAME,Bluffs Square Shoppes
F62U1,I 95
ZNG1U,Colonial Promenade
JEQAZ,Town Center at Boca Raton
N5OOA,Mall at University Town Center
1PPKW,Colony Square Drive
67F63,Colony Boulevard
PP0IZ,Philips Highway
0KJD7,Volusia Mall
YJVKA,Broadway's
9G15X,415
ZIGMZ,Hopewell Avenue
CTSNC,James L Redman Parkway
NN8KF,Today's Male
JF44Y,Southwest 89th Lane
ZALTC,Gulf View Square Mall
7H0JS,Bartow Shopping Center
X65N4,Century 21
D2DLW,Brandon Center
DLF41,Clayton Mall
4LLXU,Tampa Premium Outlets
SZ42F,Okeechobee Boulevard
WSY4X,Westland Mall
BN91H,Ultramont Mall
28L6F,B&B Joint
I2AR9,West 1st Avenue
C24LZ,Uleta Plaza
JNN4Y,Lincoln Road Mall
73NMZ,Canton Avenue
JQGT7,430
S168M,Indian River Mall
MUAJF,Southwest 91st Court
FUICZ,Southwest 136th Street
GNLIG,Southwest 135th Terrace
N7DQX,Sunshine Park Mall
Q80HU,Centre of Tallahassee
6V5LX,Altamonte Mall
72ZT4,Palm Plaza
0KVRX,Tommy Hilfiger
IJ0E6,Mattress Firm
VMIYM,Southwest 120th Street
82RS5,TJ Max
R7W6E,Community Drive
T4FMN,Old Military Trail
MD89I,South Chillingworth Drive
NP2VK,Frank Street
S370J,The Big Apple Shopping Bazaar
4QDBA,Indian Rocks Road
XHG6Y,Murdock Plaza
43Z9U,Quesada Avenue
LT1BI,5th Street Southwest
JVD7K,Governor's Square Mall
D620E,West Griflow Street
PCX1F,3878
QPNXD,East Fowler Avenue
NSKOO,Providence Road
NO4RZ,Tamiami Trail South
RU808,Immokalee Road
A5RKE,International Plaza and Bay Street
56YCC,International Plaza and Bay Street
9VBBT,Corkscrew Village Lane
P6UTE,West Terry Street
M6AEN,93rd Avenue North
ZFV11,94th Avenue North
YID2G,Lake City Mall
D4C8S,Publix Liquors
L2RUF,Lake Gray Boulevard
5Y4G4,Lake Gray Boulevard
CX98P,26th Street West
IITEP,Lee's Alterations
BWZ3Y,Legendary Drive
E1HVM,Forsyth Road
GIEQK,Iglesia Cristiana lel Rebano
HYWW8,West Lancaster Road
E53E6,Pino Gelato Cafe
03ACM,Patrol Road
CNYN5,Plaza del Sol
W5Q10,Sevilla Plaza
QGHPW,Sand Lake Road
TKR9N,Sand Lake Road
G36JL,Sand Lake Road
R01IA,Sand Lake Road
APY9B,Sand Lake Road
NDZLG,Terrance Florida Mall
8FADK,American Signature
YWIZ5,Maud Street
X1G6H,Maud Street
YN9IS,Maud Street
KH5SX,University Village Shops
F3KWW,Aventura Mall
76BB9,Wekiwa Springs Road
7EVIQ,Westshore Plaza Mall
Y53ZH,Orlando Avenue
L2FBK,Orlando Avenue
7LOJ0,Webster Avenue
5JDVW,Orlando Avenue
UTX23,Orlando Avenue
1CVDL,Orlando Avenue
35TEV,Beachview Avenue
GPPJ6,Southwest 135th Terrace
F6ENZ,Southwest 135th Terrace
SR4WI,Town Square Center
R5YRT,Hudson
YPC6V,Kingston Drive East
4WOP9,Kingston Drive East
FQ300,Village Square Shopping Center
YYTDN,Homestead Station
HK671,The Lighthouse Shoppes
SMHWJ,South Valrico Road
G6W75,Mirror Terrace Northwest
EEBDK,Freeway Insurance
MDBU3,KWIK Tax Refund
4MSK9,Southeast Plaza
VYLRL,Brickell Smoke Shop
E1DPD,Publix
LNRY3,Federal Highway
6KK1M,Post Avenue Southwest
MMKXT,Avenue O Southwest
QYX7B,Grove Avenue
CHVMN,17th Street
ZUQHO,Ocooee Plaza
HCCTT,McDonald Terrace
PZPFF,Poinsettia Drive
Z22W3,East Edgewood Drive
BZ6SO,Reynolds Street
IVXJL,Palm Beach Boulevard
YCRYA,Palm Beach Boulevard
AWO8F,Palm Beach Boulevard
UOF8K,Palm Beach Boulevard
HDWYE,Pierre Lane
90233,Market Square
SKN46,North Parsons Plaza
D6O6Z,ALDI
EPNY8,Brooks Street
Q0FGQ,Publix
E7Z4J,ALDI
PI7VF,Mason Avenue
UYRU7,Crystal River Mall
U6Z80,8th Avenue Drive West
4PF07,39th Street West
496QD,Bayou Plaza
89B65,SoMo Walls
KVAXW,Foot Solutions
QHJOI,Alpine Center
8K6MF,Florida Keys Outlet Center
4CMUK,American Eagle Outfitters
Q6AB9,Southwest 58th Avenue
B4UFG,Dyer Boulevard
20ZTQ,Sand Lake Road
BQWJQ,Sand Lake Road
1Q5Z0,300
3H53G,Peachland Boulevard
L0UJ4,Quesada Avenue
UK4HC,Heritage Plaza
T8WKQ,Tamiami Trail
2GIT1,International Plaza and Bay Street
SAXJ3,Tour Boat Boarding
9LVNH,Titusville Mall
BMGS6,Landmark Shopping Center
BX1BU,LandMark Plaza
SROS1,Lakeview Shopping Center
A9S5H,Carrollwood Commons
5KWRX,Manatee County
N0LVC,CocoWalk
PWS87,RK Village Plaza - Raanan Katz Shopping Center
FPIWF,Shoppes at 104
Q1B35,Bird Galloway Center
P7IHV,Centro Comercial Managua
0BN6W,Legacy Place
RFOP9,Northlake Promenade Shoppes
H2832,Market Street At Heath Brook
XYR86,Palm Beach Outlet
DA6HU,Tin City
VFDCO,Orlando International Premium Outlet
K14A9,European Village
LTZI4,The Grove Shoppes
AN4HR,The UPS Store #6657
OUNEA,Anchor Shops & Parking
OBW9A,Homestead Towne Square
CRQWJ,Miami Design District
QECMK,Lincoln Center
6CW9R,Wellington Mall
IMOLF,Shout Supermarket
UWCRX,Chiefland Regional Shopping Center
JXKDI,Upper Buena Vista
W10FT,ONE DAYTONA
7I7TY,Thrift Life
PBNSO,Natural Food Market Place
S8DZO,The Village at Hunter's Lake
7J4RM,Fashion Square Mall
1Z5H7,Plaza 800
IEKBU,Shoppes of Winder Oaks
L0155,Concorde Plaza
OQYGD,Southgate Shopping Center
4WYMP,Glengary Shoppes
OUOEM,Crestwood Square
X9U4H,Middleton Downtown
9ETOY,Shoppes at Paradise Pointe
UKS68,Perry Plaza
KKPRS,Sparkman Wharf
2DKHW,University Mall
L9T21,DeSoto Square Mall
BR5ZW,Brandon Town Center Drive
1P3ZQ,Winn-Dixie
4FGD2,Lakeview Plaza
CZZC8,Rutland Plaza
PL25J,Dezerland Park Orlando
AEA26,The Mall at Millenia
KC7J7,Old Boynton Road
J7BI6,Old Boynton Road
31E7H,The Mall at Wellington Green
YSGFQ,Miami International Mall
G89L5,Treasure Coast Square Mall
5RN79,Aleena Diamonds
LIKNV,Westfield Citrus Park
GY1YH,West Village Drive
S9SHW,Kings Highway
60K11,CMX Dolphin 19 & IMAX
T2P8X,The Shops at Wiregrass
ZIHH0,East Towne Center
L9431,The Gardens Mall
JW4BW,Lakeland Square Mall
NMF0N,The Florida Mall
UVH8S,Mobilezone
8N4EF,Sweets Plaza
NZ0OG,Publix
G4Z9U,Banana Republic
YGJH9,Publix
AO6SX,Lakeshore Mall
ZVNYQ,Shopping Plaza
LGSPD,Shopping Plaza
64PHE,Shopping Plaza
XQN59,Aventura Mall
R4QFT,9180
AMQZJ,Titusville Mall
F6GBD,The Oaks Mall
31AYS,Live Oak Avenue
CVALK,US 27
5NRGB,Tyrone Square Mall
PSX4D,Lake Square Mall
HHCE2,Port Charlotte Town Center
0R4N9,Pinellas Park Square
689T9,Mill Creek Mall
XYZKN,Mama Rosa's
LFSNZ,Merritt Square Mall
94IBH,Belk
U3BQH,I 75
W7RBF,Factory Shops Boulevard
FM60D,Factory Shops Boulevard
5FSRK,I 75
8DAJU,I 75
9Y7PD,Factory Shops Boulevard
PX0FI,Southwest 139th Avenue
9VGR1,Seminole Mall
TECSV,Countryside Mall
3JSLL,Avecina Urgent Care Clinic
A7BF3,Argyle Family Dentistry
3RDGB,Merchants Gate Drive
S814P,Endless Tan
3S7GT,Merchants Gate Drive
Q188P,Crosshill Blvd
6R54S,Argyle Forest Boulevard
SK2AJ,GNC
7D9VI,Barber Shop
LPWCA,Crosshill Blvd
VNNV7,Old Middleburg Road South
QAO9J,Merchants Gate Drive
NM48D,Justice
JP452,Crosshill Blvd
LN1OX,Crosshill Blvd
28K6F,Crosshill Blvd
Q2ZMH,Crosshill Blvd
MU9DS,Dollar Tree
1H5T1,Superior Plaza
W4BQZ,9680
0P7WC,US 98;US 319
6BDD9,Bal Harbour Shops
JOWLI,Seminole Towne Center
18HM5,Heritage Walk
RIUG0,Saint George's Row
MXHZN,Wellington Mall
TIGJ2,Grande Boulevard
AN24V,Eagle Ridge Drive
KODKF,Worth Avenue
RFYUZ,Worth Avenue
OVP5A,Goodyear Auto Service Center
1VYYH,Thacker Avenue
TIW8E,Argyle Forest Boulevard
6ATKD,Santa Rosa Mall
16X2O,Avenue G Southwest
SXTKY,Mall of the Americas
MULZV,Hunters Oak Drive
1W0JI,Promenade Square Drive
RZ8MU,Hammocks Boulevard
EQE9D,Southwest 169th Court
7S3V0,14790
3BEZ9,Kendale Lakes Plaza
HH1EE,Higate Square
94VC2,Great Clips TJ Maxx Plaza
VETB6,Southwest 59th Street
C4551,Southwest 42nd Street
HHHSO,Panda Express
09PI3,Southwest 134th Avenue
1B369,Winn-Dixie
EQRX1,Skylake Mall
YL8XO,Champion Plaza
7EE9W,Northeast 163rd Street
2N7K9,9045
XWYAX,13565
5E8YV,Grand Regency Boulevard
TMLSU,Grand Regency Boulevard
DO132,Shops at Merrick Park
DTC4E,10063-1 Baymeadows Ap
3C9E8,Mattress Firm
G1CR8,Steele Street
VBEQF,Spencer Drive
XFDMF,3913
IH2L6,Publix
VQ2M0,Palm Drive
2TPM6,South Tamiami Trail
029Y6,Sarasota Square Mall
FKW3O,Bliss Salon
A4K7J,Clark Road
3SDB7,Auburn Court
ET7D6,South Lockwood Ridge Road
VWVWG,Landings Boulevard
LEYEC,Versailles Street
SPR9N,Westfield Siesta Key
99IYE,Fruitville Road
6TM7I,East Hillsborough Avenue
0CK5Y,Hillsboro Plaza
F9TXP,Thonotosassa Road
UI3LX,Sleepy Hill Road
OCO9P,Sharon Drive
0GA8N,Maple Street
14RRJ,Plantation Square
TXY0C,dd's Discounts
AN8HB,Armstrong Boulevard
S5Q1D,East Vine Street
2MDE3,Bronson Highway
2D07M,Bronson Highway
R1SEN,Westgate Plaza
W92EW,US 98
DLNOS,US 27
TNBZK,Woodstock Drive
YLJM9,Southchase Village
HSWDO,Shoppes of Oakbrook
QS62T,Bluffs Square Shoppes
3YAJQ,Sabal Palm Shopping Center
OM4HR,Collier Boulevard
8WBE3,324
YMBO9,Shopping Center Drive
L0ZW2,I 95
K8AJM,Colonial Promenade
67W9A,Town Center at Boca Raton
OCRA0,Mall at University Town Center
HB19F,Paragon Ocean Walk 10
JR0M4,Colony Square Drive
M9Q3Z,Colony Boulevard
19IA5,Philips Highway
LAM36,Volusia Mall
P1JRG,Broadway's
92E0R,415
BZENM,Hopewell Avenue
QOCRD,East Alexander Street
3T6R3,James L Redman Parkway
SVVFU,East Alexander Street
JYUEF,James L Redman Parkway
9AJQR,Today's Male
NHHEU,Sunset Harbour Shops
HSZM1,James L Redman Parkway
1NAYS,Southwest 89th Lane
3WVGI,Gulf View Square Mall
7HB97,Cordova Mall
7XK4E,Bartow Shopping Center
T74WZ,Century 21
3TPX5,Brandon Center
MIUXR,Clayton Mall
DGOJ2,West Langford Drive
BB1UX,Tampa Premium Outlets
4QJ8W,Okeechobee Boulevard
NG8W0,Westland Mall
VHNH0,Ultramont Mall
C8IOH,B&B Joint
YU1B4,West 1st Avenue
9CRUG,Uleta Plaza
9WRHZ,Lincoln Road Mall
9PIXV,Canton Avenue
13GGQ,430
97B9O,Indian River Mall
CIFHJ,Southwest 91st Court
1VFAH,Southwest 136th Street
IYRVS,Southwest 135th Terrace
H7H14,Sunshine Park Mall
4YC8L,Centre of Tallahassee
FHT7H,Altamonte Mall
AB54Q,Palm Plaza
IUW2V,Tommy Hilfiger
C3EWV,Mattress Firm
OKG1A,Southwest 120th Street
3FFYG,TJ Max
A642X,Community Drive
M8BW9,Old Military Trail
8Y20F,South Chillingworth Drive
5HW5T,Frank Street
C4DRZ,The Big Apple Shopping Bazaar
TBIC8,Indian Rocks Road
G06D1,Murdock Plaza
BKYMD,Quesada Avenue
NKUJI,5th Street Southwest
WVFPN,Governor's Square Mall
8X0LJ,West Griflow Street
UKXJ2,3878
D9ZGK,East Fowler Avenue
Z9524,Providence Road
QHWBJ,Tamiami Trail South
C0BHG,Immokalee Road
WMFRI,International Plaza and Bay Street
46MXT,International Plaza and Bay Street
FP0NZ,Corkscrew Village Lane
LS7KL,West Terry Street
7ODRC,93rd Avenue North
GDSXG,94th Avenue North
CAFD4,Lake City Mall
1G68P,Publix Liquors
F17EG,Lake Gray Boulevard
1F76N,Lake Gray Boulevard
V3P62,26th Street West
MD2K2,Lee's Alterations
WY756,Legendary Drive
JTLJU,Forsyth Road
WHFAL,Iglesia Cristiana lel Rebano
5INTZ,West Lancaster Road
08Q3T,Pino Gelato Cafe
VG7V3,Patrol Road
DJLS9,Plaza del Sol
YC4IL,Sevilla Plaza
930NZ,Sand Lake Road
YG85D,Sand Lake Road
XC1BN,Sand Lake Road
KGHD3,Sand Lake Road
1RSYV,Sand Lake Road
5ED3P,Sand Lake Road
A9SSR,Sand Lake Road
XUPPF,Maud Street
A9TM1,Maud Street
8NVNM,Maud Street
1YQ8A,University Village Shops
C7F7J,Aventura Mall
X2E2B,Wekiwa Springs Road
IPN31,Westshore Plaza Mall
964SA,Orlando Avenue
GPYJ9,Orlando Avenue
22405,Webster Avenue
YY6M5,Orlando Avenue
JSBAE,Orlando Avenue
FJWTS,Orlando Avenue
KF022,Beachview Avenue
2TBIY,Southwest 135th Terrace
O53KR,Southwest 135th Terrace
6YSPG,Town Square Center
AKI33,Hudson
PXI2C,Kingston Drive East
XHQNJ,Kingston Drive East
R3ALT,Village Square Shopping Center
4HJUQ,Homestead Station
NUP2V,The Lighthouse Shoppes
WWWF4,South Valrico Road
3UMFT,Mirror Terrace Northwest
3A6NU,Freeway Insurance
UTZGA,KWIK Tax Refund
R5FXU,Southeast Plaza
0YQ22,Brickell Smoke Shop
WDEYR,Publix
GIZAC,Federal Highway
TI2FZ,Post Avenue Southwest
9WL1A,Avenue O Southwest
IW05V,Grove Avenue
WXSRT,17th Street
DX8OY,Ocooee Plaza
SEVMR,McDonald Terrace
C713V,Poinsettia Drive
ETYUM,East Edgewood Drive
6CUI0,Reynolds Street
T0PV0,Palm Beach Boulevard
24L5P,Palm Beach Boulevard
EA56I,Palm Beach Boulevard
6FXUT,Palm Beach Boulevard
TQPQU,Pierre Lane
CA4MM,Market Square
5DOO6,North Parsons Plaza
7WNYJ,ALDI
DNGRE,Brooks Street
XR5VH,Publix
IUG06,ALDI
MV5BU,Mason Avenue
VQL4G,Crystal River Mall
U4741,8th Avenue Drive West
UEAGM,39th Street West
T7670,Bayou Plaza
Y6288,SoMo Walls
6NGPY,Foot Solutions
9ES58,Alpine Center
ECSVX,Florida Keys Outlet Center
MIUJW,American Eagle Outfitters
TQPUU,Southwest 58th Avenue
KGDPA,Dyer Boulevard
ECDB9,Sand Lake Road
U1CNV,Sand Lake Road
88WII,300
SNXEZ,Peachland Boulevard
6UWEP,Quesada Avenue
61LYR,Heritage Plaza
G52ZP,Tamiami Trail
Q32YN,International Plaza and Bay Street
20QEC,Tour Boat Boarding
Y490N,Titusville Mall
2O9D6,Landmark Shopping Center
OGFT3,LandMark Plaza
E1S8P,Lakeview Shopping Center
1CLSK,Carrollwood Commons
NA5GC,Manatee County
V6LOM,CocoWalk
3YXDQ,RK Village Plaza - Raanan Katz Shopping Center
12SNW,Shoppes at 104
4YVV4,Bird Galloway Center
04RQP,Centro Comercial Managua
FIJSU,Legacy Place
K2OSX,Northlake Promenade Shoppes
MDXDH,Market Street At Heath Brook
EUAM3,Palm Beach Outlet
ZNW0A,Tin City
9LW7C,Orlando International Premium Outlet
PGI3G,European Village
XUCD6,The Grove Shoppes
K3IAU,The UPS Store #6657
5USXD,Anchor Shops & Parking
ZX7VG,Homestead Towne Square
U8AQS,Miami Design District
HL0KI,Lincoln Center
G1BUC,Wellington Mall
RXJAU,Shout Supermarket
5OUMY,Chiefland Regional Shopping Center
TM3E6,Upper Buena Vista
SOZCC,ONE DAYTONA
ANC3H,Thrift Life
DI1RJ,Natural Food Market Place
5RSLF,The Village at Hunter's Lake
PDJ3T,Fashion Square Mall
5A4R8,Plaza 800
V0Y0J,Shoppes of Winder Oaks
QHE66,Concorde Plaza
ZV4AL,Southgate Shopping Center
QBGE5,Glengary Shoppes
U051V,Crestwood Square
V0RWL,Middleton Downtown
4NLTM,Shoppes at Paradise Pointe
F5KXR,Perry Plaza
R5AIE,Sparkman Wharf
S3TYA,University Mall
1ZISR,DeSoto Square Mall
UE47U,Brandon Town Center Drive
DZNZJ,Winn-Dixie
VLBO5,Lakeview Plaza
JCD15,Rutland Plaza
TIV70,Dezerland Park Orlando
MEROM,The Mall at Millenia
THT8D,Old Boynton Road
J9IYV,Old Boynton Road
1PDGS,The Mall at Wellington Green
TYW35,Miami International Mall
B2M2B,Treasure Coast Square Mall
F66O6,Aleena Diamonds
N12XR,Westfield Citrus Park
YX51O,West Village Drive
6Y9AO,Kings Highway
DC0M3,CMX Dolphin 19 & IMAX
ZPY5J,The Shops at Wiregrass
F0ZU6,East Towne Center
FLCAR,The Gardens Mall
H6CS5,Lakeland Square Mall
OWFIG,The Florida Mall
2KRRO,Mobilezone
QDO7C,Sweets Plaza
878R6,Publix
IGM8U,Banana Republic
I5ZPT,Publix
RNT8J,Lakeshore Mall
N35AQ,Shopping Plaza
ZJM4J,Shopping Plaza
T194N,Shopping Plaza
QHV31,Aventura Mall
PINZG,9180
TWQSX,Titusville Mall
EM9UF,The Oaks Mall
RQ1JY,Live Oak Avenue
HRJD7,US 27
2G2EG,Tyrone Square Mall
SD0QG,Lake Square Mall
WKLHA,Port Charlotte Town Center
KT23F,Pinellas Park Square
EXA1G,Mill Creek Mall
Z3KFW,Mama Rosa's
54AWW,Merritt Square Mall
0URKT,Belk
ZNRV3,I 75
V1YJG,Factory Shops Boulevard
8LDGG,Factory Shops Boulevard
2K3XS,I 75
2CEV0,I 75
7GWCD,Factory Shops Boulevard
EZWBC,Southwest 139th Avenue
T93PD,Seminole Mall
0UOQK,Countryside Mall
D0LJ7,Avecina Urgent Care Clinic
DSLPE,Argyle Family Dentistry
7G2H4,Merchants Gate Drive
LU422,Endless Tan
HULJP,Merchants Gate Drive
T2ZE8,Crosshill Blvd
ALJ5Y,Argyle Forest Boulevard
6SR01,GNC
0GYCF,Barber Shop
P8H2D,Crosshill Blvd
IM7Z4,Old Middleburg Road South
LFWJN,Merchants Gate Drive
QO2KO,Justice
MI76C,Crosshill Blvd
F2Z3P,Crosshill Blvd
AHS9E,Crosshill Blvd
S90BC,Crosshill Blvd
TXL6C,Dollar Tree
CTLUQ,Superior Plaza
G7AVU,9680
5JN45,US 98;US 319
DWNIG,Bal Harbour Shops
1A3E9,Seminole Towne Center
XH4RG,Heritage Walk
LEHON,Saint George's Row
IX1WB,Wellington Mall
GNTYN,Grande Boulevard
UL1Z8,Eagle Ridge Drive
KXWQ9,Worth Avenue
WII8V,Worth Avenue
ZVDV7,Goodyear Auto Service Center
SN8I0,Thacker Avenue
DEWUW,Argyle Forest Boulevard
LGYBC,Santa Rosa Mall
BR3HC,Avenue G Southwest
ASXBU,Mall of the Americas
BTKHF,Hunters Oak Drive
8RZDI,Promenade Square Drive
SN4LR,Hammocks Boulevard
LH696,Southwest 169th Court
9LKIR,14790
TTF1W,Kendale Lakes Plaza
2R5O3,Higate Square
ZXJRO,Great Clips TJ Maxx Plaza
52SX0,Southwest 59th Street
5PFF7,Southwest 42nd Street
7AMRT,Panda Express
C0K6E,Southwest 134th Avenue
1XU7O,Winn-Dixie
6LDYP,Skylake Mall
GDLDW,Champion Plaza
RQCTG,Northeast 163rd Street
IXCHS,9045
WRI4J,13565
SUNYW,Grand Regency Boulevard
HXQ9L,Grand Regency Boulevard
W9EO8,Shops at Merrick Park
NZB62,10063-1 Baymeadows Ap
POWOJ,Mattress Firm
9J193,Steele Street
VEHBT,Spencer Drive
2TCTH,3913
E0V73,Publix
5P6KC,Palm Drive
8VPT1,South Tamiami Trail
XSPR2,Sarasota Square Mall
KV88V,Bliss Salon
XQJA9,Clark Road
H42BC,Auburn Court
ZPD9K,South Lockwood Ridge Road
PHZP5,Landings Boulevard
BBYJA,Versailles Street
3QWL4,Westfield Siesta Key
XSWBE,Fruitville Road
ASDJ7,East Hillsborough Avenue
F6IN9,Hillsboro Plaza
Y5PEJ,Thonotosassa Road
SDOEA,Sleepy Hill Road
53SF0,Sharon Drive
MP8J1,Maple Street
IN5SS,Plantation Square
YINLZ,dd's Discounts
KB7DN,Armstrong Boulevard
8SNBD,East Vine Street
DA8LU,Bronson Highway
LC8M2,Bronson Highway
51QF4,Westgate Plaza
OUHJX,US 98
UNZ2M,US 27
BIVAW,Woodstock Drive
QFGGU,Southchase Village
QWI83,Shoppes of Oakbrook
OXPJ0,Bluffs Square Shoppes
44SL6,Sabal Palm Shopping Center
2VN7B,Collier Boulevard
8G2HU,324
NK355,Shopping Center Drive
XHBHM,I 95
IYG5O,Colonial Promenade
T7EBK,Town Center at Boca Raton
0LTUK,Mall at University Town Center
T6VSD,Paragon Ocean Walk 10
EWUC7,Colony Square Drive
92AG5,Colony Boulevard
1NFTY,Philips Highway
XJ2OE,Volusia Mall
31O5I,Broadway's
CDIVX,415
OVN6H,Hopewell Avenue
0MO74,East Alexander Street
4CKJA,James L Redman Parkway
U59PK,East Alexander Street
EIGPE,James L Redman Parkway
ZJGUV,Today's Male
X4HBX,Sunset Harbour Shops
H4Z7G,James L Redman Parkway
XMAJK,Southwest 89th Lane
BV8R1,Gulf View Square Mall
G3EEA,Cordova Mall
W9GV3,Bartow Shopping Center
BXE51,Century 21
S4Q2K,Brandon Center
EU7QS,Clayton Mall
8E5S3,West Langford Drive
0KTJY,Tampa Premium Outlets
YRWJY,Okeechobee Boulevard
JH44K,Westland Mall
4JUQ9,Ultramont Mall
VPVTS,B&B Joint
MDT6V,West 1st Avenue
IINRE,Uleta Plaza
9P35S,Lincoln Road Mall
J1NOJ,Canton Avenue
TW2X7,430
LQKPS,Indian River Mall
7T29F,Southwest 91st Court
LNHY8,Southwest 136th Street
J7DGQ,Southwest 135th Terrace
QK8O7,Sunshine Park Mall
608DB,Centre of Tallahassee
C5GI1,Altamonte Mall
9B3OW,Palm Plaza
4F5NJ,Tommy Hilfiger
MOAQZ,Mattress Firm
HLABG,Southwest 120th Street
E2JFR,TJ Max
QRBO7,Community Drive
OGCC6,Old Military Trail
5TPSM,South Chillingworth Drive
HR6VD,Frank Street
QXH6R,The Big Apple Shopping Bazaar
DX6J6,Indian Rocks Road
R66ZC,Murdock Plaza
31IXS,Quesada Avenue
LQMA0,5th Street Southwest
L9U8L,Governor's Square Mall
6WG09,West Griflow Street
QSALE,3878
6WD58,East Fowler Avenue
FZ7CS,Providence Road
DW7HQ,Tamiami Trail South
DKK2F,Immokalee Road
RKGBM,International Plaza and Bay Street
UBLJY,International Plaza and Bay Street
ZOLEU,Corkscrew Village Lane
L6GTP,West Terry Street
HAVCI,93rd Avenue North
Q84VK,94th Avenue North
KSL1O,Lake City Mall
9EZU1,Publix Liquors
YDLXK,Lake Gray Boulevard
WUIGQ,Lake Gray Boulevard
MFY5W,26th Street West
LBPPJ,Lee's Alterations
R1BXM,Legendary Drive
107M1,Forsyth Road
XMQA2,Iglesia Cristiana lel Rebano
DLSJT,West Lancaster Road
R41N3,Pino Gelato Cafe
6QM66,Patrol Road
MHQTH,Plaza del Sol
OHUEO,Sevilla Plaza
R1A0B,Sand Lake Road
CWYI8,Sand Lake Road
9XJ46,Sand Lake Road
3O1RV,Sand Lake Road
DVXJ0,Sand Lake Road
TXXIN,Sand Lake Road
IQH6E,Sand Lake Road
PG481,Maud Street
ZYSOD,Maud Street
2J69G,Maud Street
JXCPL,University Village Shops
H2IM9,Aventura Mall
BXP53,Wekiwa Springs Road
005Z2,Westshore Plaza Mall
IAU85,Orlando Avenue
CFE3D,Orlando Avenue
P4621,Webster Avenue
K3C3T,Orlando Avenue
0XHMI,Orlando Avenue
ZK4C6,Orlando Avenue
7G23L,Beachview Avenue
LLO7A,Southwest 135th Terrace
JMSSI,Southwest 135th Terrace
B6RXG,Town Square Center
80MFA,Hudson
597V0,Kingston Drive East
4AE0Q,Kingston Drive East
D83VL,Village Square Shopping Center
7P7CG,Homestead Station
EZT7J,The Lighthouse Shoppes
IGWUB,South Valrico Road
TNA6W,Mirror Terrace Northwest
BA6QD,Freeway Insurance
TBQXI,KWIK Tax Refund
O1IV6,Southeast Plaza
WFEBZ,Brickell Smoke Shop
RQQH7,Publix
CTO3Q,Federal Highway
X65I3,Post Avenue Southwest
JPQUK,Avenue O Southwest
45SRA,Grove Avenue
41PO0,17th Street
7M3WM,Ocooee Plaza
Q9IKP,McDonald Terrace
571U8,Poinsettia Drive
JJTFQ,East Edgewood Drive
8RAI7,Reynolds Street
08YPP,Palm Beach Boulevard
POM8M,Palm Beach Boulevard
SVRVJ,Palm Beach Boulevard
95EG5,Palm Beach Boulevard
J2ZOX,Pierre Lane
KQBK1,Market Square
KSAE8,North Parsons Plaza
K89MZ,ALDI
O5MRY,Brooks Street
12B0H,Publix
ZSN8P,ALDI
7PVJ9,Mason Avenue
S4USW,Crystal River Mall
478UT,8th Avenue Drive West
QE0SV,39th Street West
J2RCO,Bayou Plaza
TZAO3,SoMo Walls
5ZB61,Foot Solutions
ZZZIE,Alpine Center
RR4TN,Florida Keys Outlet Center
O1ITK,American Eagle Outfitters
5CKRK,Southwest 58th Avenue
Q1FC4,Dyer Boulevard
CY9QE,Sand Lake Road
QSJ85,Sand Lake Road
HZM23,300
9UOAO,Peachland Boulevard
T4TNM,Quesada Avenue
M6QVL,Heritage Plaza
T58ID,Tamiami Trail
RQ9CI,International Plaza and Bay Street
LJNRV,Tour Boat Boarding
L1I9M,Titusville Mall
V15VJ,Landmark Shopping Center
V03Z8,LandMark Plaza
M0BFO,Lakeview Shopping Center
QYFHP,Carrollwood Commons
52JMW,Manatee County
VQ3JD,CocoWalk
D94VC,RK Village Plaza - Raanan Katz Shopping Center
PLTMU,Shoppes at 104
CCJL3,Bird Galloway Center
NYM0H,Centro Comercial Managua
Q0J6W,Legacy Place
AQFOG,Northlake Promenade Shoppes
BW5YO,Market Street At Heath Brook
XPK4R,Palm Beach Outlet
R1ZIW,Tin City
PD19Z,Orlando International Premium Outlet
3FHKF,European Village
LVPVE,The Grove Shoppes
VD6C0,The UPS Store #6657
JY3EK,Anchor Shops & Parking
GAK7I,Homestead Towne Square
L8W8E,Miami Design District
JK86F,Lincoln Center
048MA,Wellington Mall
X5Y4Q,Shout Supermarket
OOBVO,Chiefland Regional Shopping Center
UTD4O,Upper Buena Vista
1HPBT,ONE DAYTONA
P703I,Thrift Life
03ZY6,Natural Food Market Place
II67C,The Village at Hunter's Lake
FIHGO,Fashion Square Mall
SJ4UZ,Plaza 800
AAIRW,Shoppes of Winder Oaks
M6XPV,Concorde Plaza
4NIID,Southgate Shopping Center
MRN6H,Glengary Shoppes
EWORT,Crestwood Square
VDG8E,Middleton Downtown
83KSP,Shoppes at Paradise Pointe
MQXJI,Perry Plaza
YLXXH,Sparkman Wharf
J88FV,University Mall
7NIYB,DeSoto Square Mall
KW8EL,Brandon Town Center Drive
7K6PS,Winn-Dixie
1XGW3,Lakeview Plaza
NA6YU,Rutland Plaza
15I2J,Dezerland Park Orlando
YVHXM,The Mall at Millenia
5T9I3,Old Boynton Road
YK9VP,Old Boynton Road
3RKFE,The Mall at Wellington Green
9A8CM,Miami International Mall
BRC87,Treasure Coast Square Mall
AQL8B,Aleena Diamonds
9G6RI,Westfield Citrus Park
IDXVI,West Village Drive
LX4II,Kings Highway
EG08Q,CMX Dolphin 19 & IMAX
AAZOC,The Shops at Wiregrass
7Z4II,East Towne Center
2CEAZ,The Gardens Mall
DM8LK,Lakeland Square Mall
4SNAT,The Florida Mall
OZ8JF,Mobilezone
HAZKI,Sweets Plaza
DJZ7K,Publix
USA3H,Banana Republic
28M8P,Publix
5W24Z,Lakeshore Mall
0IKGG,Shopping Plaza
GAUPP,Shopping Plaza
36XD5,Shopping Plaza
85WZ9,Aventura Mall
ZTD2Z,9180
BE9VZ,Titusville Mall
H21JX,The Oaks Mall
EW60T,Live Oak Avenue
TUODY,US 27
AS5YD,Tyrone Square Mall
3IKVZ,Lake Square Mall
DOMZ0,Port Charlotte Town Center
OLES4,Pinellas Park Square
0FCXA,Mill Creek Mall
EVECJ,Mama Rosa's
W7DKM,Merritt Square Mall
2ZN05,Belk
P5RVM,I 75
E9TK3,Factory Shops Boulevard
SRKWT,Factory Shops Boulevard
PF3VG,I 75
6POK7,I 75
HNGWP,Factory Shops Boulevard
EARPX,Southwest 139th Avenue
B2KR2,Seminole Mall
CS4XZ,Countryside Mall
JL513,Avecina Urgent Care Clinic
TFYZV,Argyle Family Dentistry
8OLBT,Merchants Gate Drive
XGLX4,Endless Tan
TO88G,Merchants Gate Drive
7AKE0,Crosshill Blvd
8XRQ1,Argyle Forest Boulevard
3XUPZ,GNC
N6CUJ,Barber Shop
ZUZQJ,Crosshill Blvd
SCQ85,Old Middleburg Road South
VRL8R,Merchants Gate Drive
RCD4A,Justice
7FT01,Crosshill Blvd
LXB0P,Crosshill Blvd
Y1RY4,Crosshill Blvd
FAFIC,Crosshill Blvd
6CNR3,Dollar Tree
3MVB7,Superior Plaza
GYFAE,9680
ADUHL,US 98;US 319
BK1U0,Bal Harbour Shops
G4764,Seminole Towne Center
TLS04,Heritage Walk
4BWPS,Saint George's Row
EZ2F9,Wellington Mall
9Y0AL,Grande Boulevard
73CXJ,Eagle Ridge Drive
CK3BZ,Worth Avenue
F7SJM,Worth Avenue
Y552C,Goodyear Auto Service Center
44TGF,Thacker Avenue
GHAL4,Argyle Forest Boulevard
2WLJW,Santa Rosa Mall
8MIA1,Avenue G Southwest
Q04N3,Mall of the Americas
P5AGB,Hunters Oak Drive
MT0B3,Promenade Square Drive
TRF1E,Hammocks Boulevard
5SZIQ,Southwest 169th Court
FE0PL,14790
FC5AL,Kendale Lakes Plaza
9W0BQ,Higate Square
K86IO,Great Clips TJ Maxx Plaza
MLTGM,Southwest 59th Street
4494V,Southwest 42nd Street
N53ZZ,Panda Express
0V2CY,Southwest 134th Avenue
48A72,Winn-Dixie
JT1Q8,Skylake Mall
28L6Z,Bed Bath & Beyond
JV6SJ,Northeast 163rd Street
7NAFA,9045
QB23W,13565
B23VS,Grand Regency Boulevard
A31FJ,Grand Regency Boulevard
XZQ0W,Shops at Merrick Park
MCZVT,10063-1 Baymeadows Ap
202W2,Mattress Firm
8EF9A,Steele Street
FLXGM,Spencer Drive
STE14,3913
DADZM,Publix
KQ6LK,Palm Drive
ZL78T,South Tamiami Trail
LH7LL,Sarasota Square Mall
507W4,Bliss Salon
5OFR9,Clark Road
MT2G6,Auburn Court
5YRKC,South Lockwood Ridge Road
88W5J,Landings Boulevard
8GBUA,Versailles Street
0EXOJ,Westfield Siesta Key
QP27F,Fruitville Road
49MTN,East Hillsborough Avenue
BXY9D,Hillsboro Plaza
QAURK,Thonotosassa Road
J6ICW,Sleepy Hill Road
OAUIQ,Sharon Drive
7C7HT,Maple Street
SWHG7,Plantation Square
YP0MC,dd's Discounts
U63N8,Armstrong Boulevard
ZT8HP,East Vine Street
M65A5,Bronson Highway
EA39U,Bronson Highway
UXB40,Westgate Plaza
Q9EUS,US 98
DWTGH,US 27
KNRVI,Woodstock Drive
XJT09,Southchase Village
T5GV7,Shoppes of Oakbrook
FJGVD,Bluffs Square Shoppes
Q9ZD4,Sabal Palm Shopping Center
AHK6Y,Collier Boulevard
0TTET,324
70OHK,Shopping Center Drive
7ICCZ,I 95
LBVM9,Colonial Promenade
6ATQ9,Town Center at Boca Raton
V4MVL,Mall at University Town Center
6R9EO,Paragon Ocean Walk 10
L79TM,Colony Square Drive
YBGEB,Colony Boulevard
RL39P,Philips Highway
Y0MIC,Volusia Mall
ASBHH,Broadway's
LS31X,415
ZNODK,Hopewell Avenue
00NV4,East Alexander Street
AOJF9,James L Redman Parkway
SYLEL,East Alexander Street
DCQM9,James L Redman Parkway
9W7AV,Today's Male
MBQMM,Sunset Harbour Shops
DRKSZ,James L Redman Parkway
PORSN,Southwest 89th Lane
LA2QS,Gulf View Square Mall
DQ2IH,Cordova Mall
B5HTF,Bartow Shopping Center
E3N78,Century 21
0J9DO,Brandon Center
HYY8A,Clayton Mall
G6T6P,West Langford Drive
WP9Q6,Tampa Premium Outlets
7VV1U,Okeechobee Boulevard
17XVJ,Westland Mall
2D5QH,Ultramont Mall
1T6BM,B&B Joint
214NE,West 1st Avenue
NN1F8,Uleta Plaza
FFWMQ,Lincoln Road Mall
R747S,Canton Avenue
SZA65,430
DAAOB,Indian River Mall
AWGE5,Southwest 91st Court
M5EW4,Southwest 136th Street
EYZ58,Southwest 135th Terrace
EMQKQ,Sunshine Park Mall
3AH0W,Centre of Tallahassee
Q03M2,Altamonte Mall
Z1Z76,Palm Plaza
EOR0P,Tommy Hilfiger
X4R2Q,Mattress Firm
FID9H,Southwest 120th Street
4IV1R,TJ Max
QS0Q5,Community Drive
RZCRU,Old Military Trail
YJYYH,South Chillingworth Drive
0BWFY,Frank Street
FTQ38,The Big Apple Shopping Bazaar
7AGIA,Indian Rocks Road
10BX0,Murdock Plaza
MO7YO,Quesada Avenue
9WGLX,5th Street Southwest
54Y3Q,Governor's Square Mall
M7U3D,West Griflow Street
22V5X,3878
3Q25B,East Fowler Avenue
UKU52,Providence Road
IXQ8T,Tamiami Trail South
AVO3F,Immokalee Road
GGDR6,International Plaza and Bay Street
S02VI,International Plaza and Bay Street
G2ZT3,Corkscrew Village Lane
U17A0,West Terry Street
VCM8K,93rd Avenue North
GA03I,94th Avenue North
0WPP5,Lake City Mall
I90DW,Publix Liquors
A8ILE,Lake Gray Boulevard
JMJ89,Lake Gray Boulevard
F18ZW,26th Street West
1GUUH,Lee's Alterations
02BHB,Legendary Drive
KGRNS,Forsyth Road
RUH0I,Iglesia Cristiana lel Rebano
4PNYH,West Lancaster Road
NMCCW,Pino Gelato Cafe
0YG2O,Patrol Road
C9HRR,Plaza del Sol
S8A1Z,Sevilla Plaza
MEC7K,Sand Lake Road
8SCTS,Sand Lake Road
WTPJW,Sand Lake Road
IV03J,Sand Lake Road
PSI7W,Sand Lake Road
FHOLC,Sand Lake Road
8O2XQ,Sand Lake Road
2AML9,Maud Street
QVP61,Maud Street
XA8MG,Maud Street
0LUN5,University Village Shops
9ZTDZ,Aventura Mall
3FL8C,Wekiwa Springs Road
KU97F,Westshore Plaza Mall
9XQCO,Orlando Avenue
WRSTB,Orlando Avenue
BE1LV,Webster Avenue
6HO37,Orlando Avenue
DPIVU,Orlando Avenue
NZN6J,Orlando Avenue
ER1RD,Beachview Avenue
7JNKO,Southwest 135th Terrace
AD2LV,Southwest 135th Terrace
MPGN6,Town Square Center
MJUFW,Hudson
0FL1N,Kingston Drive East
V4E7W,Kingston Drive East
Q9H26,Village Square Shopping Center
OEZZE,Homestead Station
7INK4,The Lighthouse Shoppes
ISX21,South Valrico Road
ZUCWJ,Mirror Terrace Northwest
WBF1P,Freeway Insurance
PNO71,KWIK Tax Refund
G8DSM,Southeast Plaza
CDP4A,Brickell Smoke Shop
1D39A,Publix
RT6VR,Federal Highway
0TU5O,Post Avenue Southwest
FXPZK,Avenue O Southwest
X94VM,Grove Avenue
ODA0Q,17th Street
NSZ6E,Ocooee Plaza
3VHTG,McDonald Terrace
STTXZ,Poinsettia Drive
PWEWP,East Edgewood Drive
PD4VQ,Reynolds Street
4YP28,Palm Beach Boulevard
Z95MZ,Palm Beach Boulevard
Y0C1T,Palm Beach Boulevard
V7HYY,Palm Beach Boulevard
AF8U3,Pierre Lane
VG1W6,Market Square
503OH,North Parsons Plaza
NMJQ7,ALDI
C2GH0,Brooks Street
SW5BY,Publix
0C33R,ALDI
MP7S5,Mason Avenue
4HFD2,Crystal River Mall
AYAQ9,8th Avenue Drive West
VLX3N,39th Street West
V0PCQ,Bayou Plaza
BMWLG,SoMo Walls
2M5YD,Foot Solutions
4REEB,Alpine Center
PCVGR,Florida Keys Outlet Center
H00X0,American Eagle Outfitters
EU9ZE,Southwest 58th Avenue
CC6SG,Dyer Boulevard
K96EU,Sand Lake Road
WGT3L,Sand Lake Road
7PGKN,300
XCJLG,Peachland Boulevard
G02SX,Quesada Avenue
BNU0W,Heritage Plaza
OQCSS,Tamiami Trail
DB2SY,International Plaza and Bay Street
ZZ8DF,Tour Boat Boarding
DX4Y3,Titusville Mall
2OOMO,Landmark Shopping Center
RM6WP,LandMark Plaza
8HO07,Lakeview Shopping Center
YR7D0,Carrollwood Commons
ACTZA,Manatee County
GC2XM,CocoWalk
KEEFE,RK Village Plaza - Raanan Katz Shopping Center
O6Z8V,Shoppes at 104
FXFYJ,Bird Galloway Center
QT4I4,Centro Comercial Managua
7YTCD,Legacy Place
ZCVOJ,Northlake Promenade Shoppes
U5QAD,Market Street At Heath Brook
O5BBE,Palm Beach Outlet
QG56G,Tin City
329CA,Orlando International Premium Outlet
DS7Y9,European Village
49Y7Q,The Grove Shoppes
SKPYJ,The UPS Store #6657
9Y9HD,Anchor Shops & Parking
0RL5P,Homestead Towne Square
HE73F,Miami Design District
L9WRL,Lincoln Center
INYXC,Wellington Mall
Y868B,Shout Supermarket
PDL2F,Chiefland Regional Shopping Center
TYIQV,Upper Buena Vista
EEN41,ONE DAYTONA
2CC6V,Thrift Life
W73AD,Natural Food Market Place
7VW37,The Village at Hunter's Lake
XLBVU,Fashion Square Mall
90VH6,Plaza 800
PDKP0,Shoppes of Winder Oaks
U9QNM,Concorde Plaza
63IZK,Southgate Shopping Center
0FRKS,Glengary Shoppes
M83U5,Crestwood Square
T42UZ,Middleton Downtown
E928R,Shoppes at Paradise Pointe
YR1Y5,Perry Plaza
Q8H8X,Sparkman Wharf
IT7Z1,University Mall
JCRH7,DeSoto Square Mall
MO2J8,Brandon Town Center Drive
IFK60,Winn-Dixie
F0DX9,Lakeview Plaza
C30CQ,Rutland Plaza
1BRHO,Dezerland Park Orlando
1VNEA,The Mall at Millenia
1XAU3,Old Boynton Road
XTPZ9,Old Boynton Road
9T5SA,The Mall at Wellington Green
288QC,Miami International Mall
VMOUM,Treasure Coast Square Mall
CYVHT,Aleena Diamonds
M09I5,Westfield Citrus Park
D8T8N,West Village Drive
3W7EW,Kings Highway
FUFTF,CMX Dolphin 19 & IMAX
V9356,The Shops at Wiregrass
NPF9O,East Towne Center
FB2S8,The Gardens Mall
CNND7,Lakeland Square Mall
JFVPT,The Florida Mall
IESRR,Mobilezone
RXKJP,Sweets Plaza
PDQWE,Publix
U45I7,Banana Republic
076FH,Publix
6ZS27,Lakeshore Mall
BEGD7,Shopping Plaza
S89TZ,Shopping Plaza
SUDC7,Shopping Plaza
GIP3L,Aventura Mall
TXT5Z,9180
28X2E,Titusville Mall
97HCJ,The Oaks Mall
AN8LD,Live Oak Avenue
OT1CS,US 27
6ESBY,Tyrone Square Mall
EJDLD,Lake Square Mall
M2MVH,Port Charlotte Town Center
UWYKP,Pinellas Park Square
0IXRR,Mill Creek Mall
Z7YY1,Mama Rosa's
AKS92,Merritt Square Mall
EEWO3,Belk
24J05,I 75
C4YDF,Factory Shops Boulevard
SKT42,Factory Shops Boulevard
8VZQ6,I 75
O3D48,I 75
0LPWU,Factory Shops Boulevard
E3RUM,Southwest 139th Avenue
EVQWL,Seminole Mall
426NS,Countryside Mall
CXBMF,Avecina Urgent Care Clinic
CNFKV,Argyle Family Dentistry
V18Y2,Merchants Gate Drive
DPS4F,Endless Tan
4B2U0,Merchants Gate Drive
L38NK,Crosshill Blvd
67AV7,Argyle Forest Boulevard
MPUZL,GNC
VAYAX,Barber Shop
9BMFG,Crosshill Blvd
HME6F,Old Middleburg Road South
NQEET,Merchants Gate Drive
CJNW5,Justice
CZ4KB,Crosshill Blvd
V5K72,Crosshill Blvd
451VN,Crosshill Blvd
JMISE,Crosshill Blvd
S59N6,Dollar Tree
URYEJ,Superior Plaza
7JOUO,9680
JARY2,US 98;US 319
BJ4CC,Bal Harbour Shops
84K3K,Seminole Towne Center
3LKGH,Heritage Walk
T5A1O,Saint George's Row
0YJ06,Wellington Mall
GQB7J,Grande Boulevard
BSDEG,Eagle Ridge Drive
XAA5I,Worth Avenue
0DUN6,Worth Avenue
SRBLD,Goodyear Auto Service Center
F6X1N,Thacker Avenue
QGJWV,Argyle Forest Boulevard
L7FA7,Santa Rosa Mall
IFO2T,Avenue G Southwest
ZMP8A,Mall of the Americas
NOK4P,Hunters Oak Drive
ESIKR,Promenade Square Drive
5VMFV,Hammocks Boulevard
36KBH,Southwest 169th Court
0K5F1,14790
KFJ59,Kendale Lakes Plaza
01TZE,Higate Square
P85CI,Great Clips TJ Maxx Plaza
N31RC,Southwest 59th Street
BA8UL,Southwest 42nd Street
2YOSQ,Panda Express
O43GN,Southwest 134th Avenue
BCJK2,Winn-Dixie
RW4M3,Skylake Mall
3HSNY,Bed Bath & Beyond
ZPSZ1,Northeast 163rd Street
O6YXR,9045
88YI3,13565
V653O,Grand Regency Boulevard
OG62R,Grand Regency Boulevard
940F9,Shops at Merrick Park
N4WSS,10063-1 Baymeadows Ap
0W812,Mattress Firm
YWS8L,Steele Street
QZ8DF,Spencer Drive
GIJD5,3913
G9ZQE,Publix
YUOSR,Palm Drive
82VPC,South Tamiami Trail
LOL9F,Sarasota Square Mall
67ZFM,Bliss Salon
H7XU0,Clark Road
4KNLV,Auburn Court
NH5S2,South Lockwood Ridge Road
VHT0C,Landings Boulevard
QUQNM,Versailles Street
DW0LX,Westfield Siesta Key
M51D5,Fruitville Road
G5PVH,East Hillsborough Avenue
P6I62,Hillsboro Plaza
UTM4W,Thonotosassa Road
KZWYQ,Sleepy Hill Road
I5MIV,Sharon Drive
E6P55,Maple Street
50N99,Plantation Square
QMW1P,dd's Discounts
DO2MA,Armstrong Boulevard
4T464,East Vine Street
OC6UE,Bronson Highway
DDFV3,Bronson Highway
NKQMI,Westgate Plaza
8ZZT7,US 98
XGFKZ,US 27
BWIO1,Woodstock Drive
N2X2W,Southchase Village
BZOBL,Shoppes of Oakbrook
KRGI2,Bluffs Square Shoppes
DWGJO,Sabal Palm Shopping Center
ESKC0,Collier Boulevard
1D0LK,324
G6G72,Shopping Center Drive
IXSY2,I 95
YVK0K,Colonial Promenade
GTN9V,Town Center at Boca Raton
EI82M,Mall at University Town Center
L2K3R,Paragon Ocean Walk 10
ADNGB,Colony Square Drive
KPMGP,Colony Boulevard
LUV00,Philips Highway
KZCED,Volusia Mall
RLTOO,Broadway's
74V1U,415
B6547,Hopewell Avenue
BYNQ5,East Alexander Street
9RAS3,James L Redman Parkway
8V5OS,East Alexander Street
HDBEX,James L Redman Parkway
NWTE0,Today's Male
A585M,Sunset Harbour Shops
YQBFT,James L Redman Parkway
OCNS0,Southwest 89th Lane
8II29,Gulf View Square Mall
PPFUV,Cordova Mall
3NFPE,Bartow Shopping Center
09HZM,Century 21
ABWAT,Brandon Center
UWR6J,Clayton Mall
R8ZGE,West Langford Drive
HICWB,Tampa Premium Outlets
HRS1X,Okeechobee Boulevard
BW03B,Westland Mall
B2E9F,Ultramont Mall
AXY1X,B&B Joint
IEYS0,West 1st Avenue
31C1O,Uleta Plaza
KRIYY,Lincoln Road Mall
XH9ZH,Canton Avenue
OAUOI,430
O0G0A,Indian River Mall
P1ABA,Southwest 91st Court
ZT1MS,Southwest 136th Street
MB7XJ,Southwest 135th Terrace
H93YU,Sunshine Park Mall
2O8PK,Centre of Tallahassee
MD35T,Altamonte Mall
XFTJB,Palm Plaza
53JLL,Tommy Hilfiger
PZSU5,Mattress Firm
6Y24X,Southwest 120th Street
34XBO,TJ Max
KXXBS,Community Drive
7X8PL,Old Military Trail
006OA,South Chillingworth Drive
VOFFO,Frank Street
6KWW8,The Big Apple Shopping Bazaar
IFOHB,Indian Rocks Road
506Y7,Murdock Plaza
J7GF8,Quesada Avenue
Y043K,5th Street Southwest
JGQFO,Governor's Square Mall
KYIFO,West Griflow Street
S0VL9,3878
0FH39,East Fowler Avenue
BYAUE,Providence Road
IVUU8,Tamiami Trail South
3QLN7,Immokalee Road
Q6SBG,International Plaza and Bay Street
F87UN,International Plaza and Bay Street
HZFX0,Corkscrew Village Lane
BNNE3,West Terry Street
E070R,93rd Avenue North
V696R,94th Avenue North
R27KW,Lake City Mall
1W2NA,Publix Liquors
QEBG8,Lake Gray Boulevard
6W5SJ,Lake Gray Boulevard
XWHFG,26th Street West
O0IDL,Lee's Alterations
EZ03X,Legendary Drive
4BYPK,Forsyth Road
QS1NO,Iglesia Cristiana lel Rebano
SK7O3,West Lancaster Road
DDGIG,Pino Gelato Cafe
SX9BZ,Patrol Road
IOM1P,Plaza del Sol
LPKZI,Sevilla Plaza
SSL5Z,Sand Lake Road
C5VEX,Sand Lake Road
HFR4O,Sand Lake Road
WUIWL,Sand Lake Road
FFJ62,Sand Lake Road
QN3M9,Sand Lake Road
PE2FG,Sand Lake Road
4GWUK,Maud Street
FVMDF,Maud Street
63VZZ,Maud Street
YAJXH,University Village Shops
P7CLY,Aventura Mall
7FFHB,Wekiwa Springs Road
D2DAO,Westshore Plaza Mall
G7W0X,Orlando Avenue
6EI2G,Orlando Avenue
STBZA,Webster Avenue
ARAZM,Orlando Avenue
EW4OV,Orlando Avenue
SH7JR,Orlando Avenue
17IEB,Beachview Avenue
B7KEW,Southwest 135th Terrace
CXIS0,Southwest 135th Terrace
R7RNG,Town Square Center
D7CZY,Hudson
TMRLP,Kingston Drive East
LY9OM,Kingston Drive East
8VMEM,Village Square Shopping Center
4E5KK,Homestead Station
3K4KS,The Lighthouse Shoppes
S67X2,South Valrico Road
CAWIY,Mirror Terrace Northwest
B8TOC,Freeway Insurance
PHAJX,KWIK Tax Refund
A84DY,Southeast Plaza
PJ448,Brickell Smoke Shop
TIGRW,Publix
TCOPG,Federal Highway
J845M,Post Avenue Southwest
FLDWI,Avenue O Southwest
9RM9E,Grove Avenue
XI9SZ,17th Street
JVSDM,Ocooee Plaza
5UDR4,McDonald Terrace
OYXBR,Poinsettia Drive
XRPI1,East Edgewood Drive
PF6WP,Reynolds Street
55TAS,Palm Beach Boulevard
R9O02,Palm Beach Boulevard
069Z3,Palm Beach Boulevard
74PRR,Palm Beach Boulevard
BW10H,Pierre Lane
O5SFT,Market Square
WHRVS,North Parsons Plaza
05LO1,ALDI
LMIQJ,Brooks Street
J5BG6,Publix
Q4AYZ,ALDI
S28U8,Mason Avenue
TEQ70,Crystal River Mall
ER09K,8th Avenue Drive West
1BB3E,39th Street West
2RQPL,Bayou Plaza
RRT29,SoMo Walls
XPONH,Foot Solutions
ZKD1K,Alpine Center
BKO6D,Florida Keys Outlet Center
NW3QD,American Eagle Outfitters
MPE4F,Southwest 58th Avenue
VN4M5,Dyer Boulevard
JIHI5,Sand Lake Road
75TZC,Sand Lake Road
JS508,300
UNL7A,Peachland Boulevard
6RXSH,Quesada Avenue
RH7DL,Heritage Plaza
OJXJJ,Tamiami Trail
350EV,International Plaza and Bay Street
YJ5BU,Tour Boat Boarding
B3JZ0,Titusville Mall
VD1UG,Landmark Shopping Center
KAIFZ,LandMark Plaza
153TD,Lakeview Shopping Center
M51GI,Carrollwood Commons
AP74E,Manatee County
QAQ6Q,CocoWalk
N870L,RK Village Plaza - Raanan Katz Shopping Center
QKV01,Shoppes at 104
DK8T8,Bird Galloway Center
C05HR,Centro Comercial Managua
6Q7TA,Legacy Place
MT8XU,Northlake Promenade Shoppes
NETB0,Market Street At Heath Brook
RV0ON,Palm Beach Outlet
BKVF4,Tin City
3DPZN,Orlando International Premium Outlet
IL733,European Village
LMK61,The Grove Shoppes
AZPFU,The UPS Store #6657
AKJPT,Anchor Shops & Parking
GRIL1,Homestead Towne Square
VXWXW,Miami Design District
2EGBB,Lincoln Center
F72L8,Wellington Mall
Q59S0,Shout Supermarket
N99C1,Chiefland Regional Shopping Center
NVQTH,Upper Buena Vista
82BIC,ONE DAYTONA
PQZOD,Thrift Life
T4JNV,Natural Food Market Place
M5Z6P,The Village at Hunter's Lake
M1J2B,Fashion Square Mall
4AGCS,Plaza 800
OX57A,Shoppes of Winder Oaks
0201Q,Concorde Plaza
F68ZP,Southgate Shopping Center
BLG4K,Glengary Shoppes
HGA5L,Crestwood Square
FU7YK,Middleton Downtown
2D4OU,Shoppes at Paradise Pointe
CUZG2,Perry Plaza
JQ2GK,Sparkman Wharf
6R1W2,University Mall
LTMZX,DeSoto Square Mall
D7BYO,Brandon Town Center Drive
4WLHZ,Winn-Dixie
D43SA,Lakeview Plaza
MLLPQ,Rutland Plaza
77PTA,Dezerland Park Orlando
8UW1Q,The Mall at Millenia
G5BVB,Old Boynton Road
P180T,Old Boynton Road
GHUYQ,The Mall at Wellington Green
JZMRG,Miami International Mall
ZS47T,Treasure Coast Square Mall
HAULU,Aleena Diamonds
DP4NY,Westfield Citrus Park
1AGFF,West Village Drive
TBO6Q,Kings Highway
GFV0P,CMX Dolphin 19 & IMAX
B3TFJ,The Shops at Wiregrass
VLS1N,East Towne Center
0RSSV,The Gardens Mall
SUEY6,Lakeland Square Mall
CA8PK,The Florida Mall
WXRP7,Mobilezone
P6PDN,Sweets Plaza
5R8IC,Publix
726GW,Banana Republic
VOR1N,Publix
QSNEL,Lakeshore Mall
EXKLF,Shopping Plaza
OUOJ9,Shopping Plaza
HHK01,Shopping Plaza
TP1LT,Aventura Mall
FLPEM,9180
VHCQF,Titusville Mall
50ZWT,The Oaks Mall
4UXB4,Live Oak Avenue
AGLOQ,US 27
2FE45,Tyrone Square Mall
FYBNW,Lake Square Mall
X115B,Port Charlotte Town Center
3514F,Pinellas Park Square
6VUJ0,Mill Creek Mall
WHGSM,Mama Rosa's
CY3TJ,Merritt Square Mall
79MWB,Belk
K70HF,I 75
9I6T2,Factory Shops Boulevard
9Y8YI,Factory Shops Boulevard
8QUG6,I 75
Q0KHH,I 75
OB5N8,Factory Shops Boulevard
8ZZ5U,Southwest 139th Avenue
JWHB8,Seminole Mall
500SC,Countryside Mall
8WB45,Avecina Urgent Care Clinic
46Y5X,Argyle Family Dentistry
K72XG,Merchants Gate Drive
EAKN6,Endless Tan
42JVJ,Merchants Gate Drive
XAVH9,Crosshill Blvd
CC263,Argyle Forest Boulevard
GSQIW,GNC
7P78O,Barber Shop
4XO07,Crosshill Blvd
YAKTZ,Old Middleburg Road South
SVREE,Merchants Gate Drive
Y1VZQ,Justice
OAAAV,Crosshill Blvd
30Z1Z,Crosshill Blvd
5Y7UR,Crosshill Blvd
93A0I,Crosshill Blvd
DEPPJ,Dollar Tree
YPNHP,Superior Plaza
FIU1H,9680
198LW,US 98;US 319
AXIWJ,Bal Harbour Shops
L0FJ8,Seminole Towne Center
3ZIZX,Heritage Walk
LWTQH,Saint George's Row
7OAZB,Wellington Mall
DCD1F,Grande Boulevard
R71QD,Eagle Ridge Drive
UC8JM,Worth Avenue
CNUWU,Worth Avenue
HPCHT,Goodyear Auto Service Center
V3XWX,Thacker Avenue
W3PF4,Argyle Forest Boulevard
S6TM2,Santa Rosa Mall
AY49Y,Avenue G Southwest
0W4VS,Mall of the Americas
20QO7,Hunters Oak Drive
255SM,Promenade Square Drive
8VPPT,Hammocks Boulevard
HQRGX,Southwest 169th Court
LH2W6,14790
DU774,Kendale Lakes Plaza
4U7ZI,Higate Square
XG7N4,Great Clips TJ Maxx Plaza
1HDE0,Southwest 59th Street
0QZ0J,Southwest 42nd Street
3L7YE,Panda Express
GXXD8,Southwest 134th Avenue
5HORG,Winn-Dixie
Q83UT,Skylake Mall
7R4U2,Bed Bath & Beyond
HUWXH,Northeast 163rd Street
IUJB3,9045
2LG8D,13565
4KBR5,Grand Regency Boulevard
JRPVK,Grand Regency Boulevard
K7US8,Shops at Merrick Park
UD8Y3,10063-1 Baymeadows Ap
96GRW,Mattress Firm
7Z1LW,Steele Street
BVTE9,Spencer Drive
9KXK6,3913
AHZYW,Publix
SWIY5,Palm Drive
O6OSS,South Tamiami Trail
08USD,Sarasota Square Mall
JME5T,Bliss Salon
K5YJ4,Clark Road
9Z1R4,Auburn Court
458N1,South Lockwood Ridge Road
AM3B1,Landings Boulevard
2OF7B,Versailles Street
HC2C5,Westfield Siesta Key
2CTAP,Fruitville Road
LKFWO,East Hillsborough Avenue
POV73,Hillsboro Plaza
VU651,Thonotosassa Road
5M3OG,Sleepy Hill Road
S444C,Sharon Drive
5USAZ,Maple Street
JUP5T,Plantation Square
I9QVB,dd's Discounts
EK4MQ,Armstrong Boulevard
LQ6MA,East Vine Street
ULO6W,Bronson Highway
PNNCY,Bronson Highway
AO7RJ,Westgate Plaza
64E83,US 98
8KM3A,US 27
SA1PE,Woodstock Drive
VVUAR,Southchase Village
4C9E7,Shoppes of Oakbrook
TL3YZ,Bluffs Square Shoppes
VFBRO,Sabal Palm Shopping Center
EZKTB,Collier Boulevard
WBE84,324
6IQE8,Shopping Center Drive
PKGB5,I 95
FL4Y6,Colonial Promenade
8UJXO,Town Center at Boca Raton
31M33,Mall at University Town Center
C7W35,Paragon Ocean Walk 10
MRCS9,Colony Square Drive
UNBU4,Colony Boulevard
64NB9,Philips Highway
4YONI,Volusia Mall
JU78O,Broadway's
LUSKT,415
99ZQ2,Hopewell Avenue
QON18,East Alexander Street
09JR9,James L Redman Parkway
IUFPW,East Alexander Street
VBFTJ,James L Redman Parkway
PHD01,Today's Male
UC8G9,Sunset Harbour Shops
F7R7K,James L Redman Parkway
TFJYU,Southwest 89th Lane
7YL3Z,Gulf View Square Mall
P0IAL,Cordova Mall
G74VX,Bartow Shopping Center
8CJCX,Century 21
HBEHR,Brandon Center
26BV3,Clayton Mall
WLY3P,West Langford Drive
UTLJR,Tampa Premium Outlets
WS7XK,Okeechobee Boulevard
I97VK,Westland Mall
EHDYL,Ultramont Mall
73U8O,B&B Joint
GQZ4H,West 1st Avenue
644K7,Uleta Plaza
Y4XE8,Lincoln Road Mall
B0TM4,Canton Avenue
91D89,430
U8EM1,Indian River Mall
KOKVE,Southwest 91st Court
DOBCD,Southwest 136th Street
AQYGT,Southwest 135th Terrace
HG234,Sunshine Park Mall
ZKE14,Centre of Tallahassee
D6T55,Altamonte Mall
01VTC,Palm Plaza
9HJ66,Tommy Hilfiger
O51ST,Mattress Firm
48I8G,Southwest 120th Street
25RLP,TJ Max
K4JX1,Community Drive
I4OGH,Old Military Trail
SJBP0,South Chillingworth Drive
FUPN1,Frank Street
ETEG6,The Big Apple Shopping Bazaar
EZTL0,Indian Rocks Road
8UPB4,Murdock Plaza
32RPR,Quesada Avenue
LENUE,5th Street Southwest
FEVER,Governor's Square Mall
X3QFV,West Griflow Street
9738A,3878
8ACWP,East Fowler Avenue
K9X5P,Providence Road
HAZJ0,Tamiami Trail South
NG97N,Immokalee Road
ZTRZB,International Plaza and Bay Street
7EUFV,International Plaza
SUTMD,Corkscrew Village Lane
CWZ8Y,West Terry Street
FE5E8,93rd Avenue North
QRG6J,94th Avenue North
Q1OG5,Lake City Mall
L2NIN,Publix Liquors
1O3XJ,Lake Gray Boulevard
9JHTD,Lake Gray Boulevard
QB999,26th Street West
59ZOV,Lee's Alterations
5KLHF,Legendary Drive
7KAHD,Forsyth Road
8ICJK,Iglesia Cristiana lel Rebano
LKPLA,West Lancaster Road
CF57G,Pino Gelato Cafe
UCZHE,Patrol Road
WS99W,Plaza del Sol
WBN8W,Sevilla Plaza
EY9K2,Sand Lake Road
BX6PX,Sand Lake Road
ZANRZ,Sand Lake Road
EBMU0,Sand Lake Road
Y63KU,Sand Lake Road
6T1W5,Terrance Florida Mall
A0MCQ,American Signature
1KLKP,Maud Street
3ENSV,Maud Street
GYZR6,Maud Street
7ORWC,University Village Shops
3S7SZ,Aventura Mall
W87CR,Wekiwa Springs Road
OVMCD,Westshore Plaza Mall
DOZ9Y,Orlando Avenue
YKY4H,Orlando Avenue
PXT7U,Webster Avenue
EFGH0,Orlando Avenue
R3A91,Orlando Avenue
COM1R,Orlando Avenue
3NUWI,Beachview Avenue
XIPKX,Southwest 135th Terrace
52SM2,Southwest 135th Terrace
FRQ76,Town Square Center
NAOW2,Hudson
C1ZHW,Kingston Drive East
8QU43,Kingston Drive East
G5DMQ,Village Square Shopping Center
DTUR5,Homestead Station
FFO58,The Lighthouse Shoppes
WUKP2,South Valrico Road
M78BA,Mirror Terrace Northwest
XURU0,Freeway Insurance
NBXW5,KWIK Tax Refund
XQBFA,Southeast Plaza
HCYVS,Brickell Smoke Shop
YNVW8,Publix
9M5J3,Federal Highway
MIAE8,Post Avenue Southwest
LH6CE,Avenue O Southwest
C2H4Z,Grove Avenue
NICJU,17th Street
2UG4F,Ocooee Plaza
UQO83,McDonald Terrace
OCJDL,Poinsettia Drive
9JFYZ,East Edgewood Drive
BMLHV,Reynolds Street
7X7EC,Palm Beach Boulevard
PA2CS,Palm Beach Boulevard
MCK9C,Palm Beach Boulevard
8MGIS,Palm Beach Boulevard
V1N0N,Pierre Lane
LHPKX,Market Square
89PUQ,North Parsons Plaza
JOBMJ,ALDI
ESXSX,Brooks Street
9XYGX,Publix
85GJX,ALDI
Z9T5U,Mason Avenue
RX6IT,Crystal River Mall
DKONG,8th Avenue Drive West
2XTCR,39th Street West
KXNKV,Bayou Plaza
4BXVN,SoMo Walls
QPA32,Foot Solutions
NTIEG,Alpine Center
I4DAG,Florida Keys Outlet Center
QB0S8,American Eagle Outfitters
VRTM8,Southwest 58th Avenue
6ERAA,Dyer Boulevard
DICF6,Sand Lake Road
M8I2N,Sand Lake Road
H3MYG,300
D14FR,Peachland Boulevard
KHPUO,Quesada Avenue
J3RBX,Heritage Plaza
N1KY4,Tamiami Trail
QG4P0,International Plaza and Bay Street
SYPY5,Tour Boat Boarding
4WGL3,Titusville Mall
J2LPJ,Landmark Shopping Center
H7O83,LandMark Plaza
V6SOD,Lakeview Shopping Center
PSWJZ,Carrollwood Commons
D5VFQ,Manatee County
OM50W,CocoWalk
YICSY,RK Village Plaza - Raanan Katz Shopping Center
MCLYF,Shoppes at 104
R9YZD,Bird Galloway Center
LDZ7V,Centro Comercial Managua
YPBWZ,Legacy Place
BNUCC,Northlake Promenade Shoppes
CZ01F,Market Street At Heath Brook
9W9II,Palm Beach Outlet
HPF4N,Tin City
HAAEG,Orlando International Premium Outlet
H5A2Y,European Village
XOO2N,The Grove Shoppes
NL57N,The UPS Store #6657
KP1FY,Anchor Shops & Parking
WFDH8,Homestead Towne Square
7GIQ2,Miami Design District
UJ20X,Lincoln Center
FOUZJ,Wellington Mall
93AQU,Shout Supermarket
L8FIP,Chiefland Regional Shopping Center
Q5QPJ,Upper Buena Vista
IJ7QZ,ONE DAYTONA
EVI2K,Thrift Life
MNV90,Natural Food Market Place
F71CV,The Village at Hunter's Lake
Y080S,Fashion Square Mall
2FIG1,Plaza 800
NZ0R5,Shoppes of Winder Oaks
C81RD,Concorde Plaza
TBF8X,Southgate Shopping Center
F2MOK,Glengary Shoppes
INAUF,Crestwood Square
9DATB,Middleton Downtown
F5WQG,Shoppes at Paradise Pointe
RBWLO,Perry Plaza
JCNZ4,Sparkman Wharf
96VE9,University Mall
MOGHF,DeSoto Square Mall
WS6WJ,Brandon Town Center Drive
FYH7B,Winn-Dixie
E9JKH,Lakeview Plaza
3DF2H,Rutland Plaza
3AWPU,Dezerland Park Orlando
J6QP0,The Mall at Millenia
9B162,Old Boynton Road
090LV,Old Boynton Road
HTGGT,The Mall at Wellington Green
QTP62,Miami International Mall
U2OG8,Treasure Coast Square Mall
Z4V9X,Aleena Diamonds
EEFHQ,Westfield Citrus Park
A33WX,West Village Drive
18N8F,Kings Highway
28UC3,CMX Dolphin 19 & IMAX
B3VNT,The Shops at Wiregrass
VWK0Z,East Towne Center
I4FSW,The Gardens Mall
ZH0GA,Lakeland Square Mall
070HB,The Florida Mall
90CDT,Mobilezone
1PPW2,Sweets Plaza
X9HB0,Publix
3MXAO,Banana Republic
DJYLS,Publix
PVRLW,Lakeshore Mall
459W7,Shopping Plaza
LHLQI,Shopping Plaza
RG4TR,Shopping Plaza
23WOM,Aventura Mall
ISXYH,9180
6JUPA,Titusville Mall
TCZVF,The Oaks Mall
AIEAI,Live Oak Avenue
DNFHM,US 27
4RYRK,Tyrone Square Mall
E19KN,Lake Square Mall
OK1LB,Port Charlotte Town Center
4PZDX,Pinellas Park Square
8XNUG,Mill Creek Mall
36LAV,Mama Rosa's
F0KQ0,Merritt Square Mall
M7QAP,Belk
5YRUZ,I 75
SD9AJ,Factory Shops Boulevard
9X29S,Factory Shops Boulevard
7MH8U,I 75
GN0QA,I 75
BIOFQ,Factory Shops Boulevard
LVPCD,Southwest 139th Avenue
6SAGB,Seminole Mall
H4BS0,Countryside Mall
4L9JO,Avecina Urgent Care Clinic
GDFYL,Argyle Family Dentistry
QMIFB,Merchants Gate Drive
EE421,Endless Tan
LZHG8,Merchants Gate Drive
R6PBG,Crosshill Blvd
YWUO3,Argyle Forest Boulevard
LXRHX,GNC
6KWS5,Barber Shop
26DHO,Crosshill Blvd
L255A,Old Middleburg Road South
2YCNC,Merchants Gate Drive
LAX9L,Justice
BAW54,Crosshill Blvd
BQ95Q,Crosshill Blvd
OR9PL,Crosshill Blvd
5HM4P,Crosshill Blvd
O39I1,Dollar Tree
3GMKA,Superior Plaza
ARX65,9680
11XUX,US 98;US 319
V9BEH,Bal Harbour Shops
6NGJD,Seminole Towne Center
5AA3H,Heritage Walk
LYQDU,Saint George's Row
DC0RW,Wellington Mall
G55H3,Grande Boulevard
R5ZO8,Eagle Ridge Drive
Q570X,Worth Avenue
Z6Y2K,Worth Avenue
YD3RG,Goodyear Auto Service Center
OCFEY,Thacker Avenue
V01VO,Argyle Forest Boulevard
ZBNWA,Santa Rosa Mall
WBHXT,Avenue G Southwest
HI0AM,Mall of the Americas
WWGR7,Hunters Oak Drive
ZZ1DC,Promenade Square Drive
A5DI3,Hammocks Boulevard
L3QZA,Southwest 169th Court
V5P51,14790
YKIKZ,Kendale Lakes Plaza
STZK8,Higate Square
4KD4J,Great Clips TJ Maxx Plaza
1X09X,Southwest 59th Street
G9BSQ,Southwest 42nd Street
B85IJ,Panda Express
6XHGC,Southwest 134th Avenue
GLYVX,Winn-Dixie
JB1HC,Skylake Mall
WLYK1,Champion Plaza
T0GDD,Northeast 163rd Street
V1XOV,9045
PTFO5,13565
JJQB3,Grand Regency Boulevard
ZM9MF,Grand Regency Boulevard
D0LJA,Shops at Merrick Park
XBORR,10063-1 Baymeadows Ap
Q429D,Mattress Firm
1QVBD,Steele Street
QL8Q8,Spencer Drive
RZF0S,3913
LZ68W,Publix
OS3E4,Palm Drive
KVYWO,South Tamiami Trail
6G5GG,Sarasota Square Mall
FWDY3,Bliss Salon
5J7ZB,Clark Road
36NUP,Auburn Court
AJPVS,South Lockwood Ridge Road
0TN9V,Landings Boulevard
PRUPM,Versailles Street
DVUNJ,Westfield Siesta Key
TBKPW,Fruitville Road
7MAYC,East Hillsborough Avenue
NJVH1,Hillsboro Plaza
JFUVQ,Thonotosassa Road
PW1WR,Sleepy Hill Road
11INJ,Sharon Drive
5C719,Maple Street
HHR6O,Plantation Square
70RGH,dd's Discounts
CAE1S,Armstrong Boulevard
89NZ9,East Vine Street
Y07BR,Bronson Highway
Y658T,Bronson Highway
QMX23,Westgate Plaza
MNY75,US 98
EPN24,US 27
GP3QR,Woodstock Drive
47MTC,Southchase Village
3QL3B,Shoppes of Oakbrook
WLW6F,Bluffs Square Shoppes
VDGKO,Sabal Palm Shopping Center
T0O76,Collier Boulevard
XD904,324
RKZN4,Shopping Center Drive
6ZVZF,I 95
WNPBO,Colonial Promenade
ABSEQ,Town Center at Boca Raton
DB7S6,Mall at University Town Center
AETSU,Paragon Ocean Walk 10
F8Y01,Colony Square Drive
RMM5S,Colony Boulevard
IBKTY,Philips Highway
EWZCS,Volusia Mall
PQ7JG,Broadway's
8EIX8,415
T4ZV1,Hopewell Avenue
KPN0O,East Alexander Street
YOMRH,James L Redman Parkway
F4DUL,East Alexander Street
76U56,James L Redman Parkway
0XIJ6,Today's Male
1HTN8,Sunset Harbour Shops
WLMHI,James L Redman Parkway
55S6E,Southwest 89th Lane
XHH19,Gulf View Square Mall
28I6X,Cordova Mall
62Z5G,Bartow Shopping Center
C9S33,Century 21
A4OIP,Brandon Center
31YW5,Clayton Mall
APPD1,West Langford Drive
GIJ7X,Tampa Premium Outlets
4UKXL,Okeechobee Boulevard
HFU4U,Westland Mall
V2MUJ,Ultramont Mall
HN6HY,B&B Joint
58K9F,West 1st Avenue
8M302,Uleta Plaza
1LNGN,Lincoln Road Mall
0P9ZA,Canton Avenue
G4MWJ,430
WE50Z,Indian River Mall
U9E3G,Southwest 91st Court
E0E2W,Southwest 136th Street
HB9X9,Southwest 135th Terrace
GWJBO,Sunshine Park Mall
I098Q,Centre of Tallahassee
ZQTEK,Altamonte Mall
J2VA5,Palm Plaza
844XB,Tommy Hilfiger
CJH7V,Mattress Firm
IHYP2,Southwest 120th Street
D9QGX,TJ Max
962T8,Community Drive
R3UIZ,Old Military Trail
T6M79,South Chillingworth Drive
TPR5F,Frank Street
T53HY,The Big Apple Shopping Bazaar
OUFAR,Indian Rocks Road
NBTPW,Murdock Plaza
7G9KO,Quesada Avenue
SSY1E,5th Street Southwest
X966V,Governor's Square Mall
S91EY,West Griflow Street
SEKJI,3878
FDW5C,East Fowler Avenue
7GBL1,Providence Road
RY2DL,Tamiami Trail South
TRTAE,Immokalee Road
Z28NU,International Plaza and Bay Street
HU3H0,International Plaza
EN50B,Corkscrew Village Lane
KVOOI,West Terry Street
DGCZD,93rd Avenue North
1IRXH,94th Avenue North
6AW6U,Lake City Mall
ZOOI2,Publix Liquors
50LWW,Lake Gray Boulevard
2P81T,Lake Gray Boulevard
I8OJS,26th Street West
MJH9S,Lee's Alterations
7PTW9,Legendary Drive
HMWCQ,Forsyth Road
7YDZV,Iglesia Cristiana lel Rebano
6CLQ1,West Lancaster Road
LNADS,Pino Gelato Cafe
T2O1Y,Patrol Road
97PSO,Plaza del Sol
1TLLQ,Sevilla Plaza
JOYWX,Sand Lake Road
LTEQE,Sand Lake Road
GZ2FF,Sand Lake Road
74QZN,Sand Lake Road
QRDZE,Sand Lake Road
PAOWQ,Terrance Florida Mall
KF0VY,American Signature
PDYJQ,Maud Street
KAN0S,Maud Street
VO4B7,Maud Street
BF1FU,University Village Shops
R4GRN,Aventura Mall
90VRU,Wekiwa Springs Road
SZFVK,Westshore Plaza Mall
J6E3C,Orlando Avenue
5CBBQ,Orlando Avenue
YAP64,Webster Avenue
4V57U,Orlando Avenue
1WBD1,Orlando Avenue
L7DDC,Orlando Avenue
6LUR9,Beachview Avenue
YZA9D,Southwest 135th Terrace
W3YUW,Southwest 135th Terrace
E5C6E,Town Square Center
EGWLN,Hudson
JZ7P1,Kingston Drive East
LQYEL,Kingston Drive East
YED3I,Village Square Shopping Center
U9OXM,Homestead Station
CWGIB,The Lighthouse Shoppes
ITJMB,South Valrico Road
EWRQB,Mirror Terrace Northwest
IUDZ9,Freeway Insurance
6WB25,KWIK Tax Refund
VC8JK,Southeast Plaza
G3YQO,Brickell Smoke Shop
VA20G,Publix
78573,Federal Highway
D64FE,Post Avenue Southwest
A7XFI,Avenue O Southwest
38BNA,Grove Avenue
TWK5Y,17th Street
2XWDC,Ocooee Plaza
2XJYV,McDonald Terrace
Y5B3U,Poinsettia Drive
TVDWT,East Edgewood Drive
ACSBC,Reynolds Street
ENRDW,Palm Beach Boulevard
T39DV,Palm Beach Boulevard
BIASZ,Palm Beach Boulevard
CUCK2,Palm Beach Boulevard
LZ9E2,Pierre Lane
ZCRCR,Market Square
681W3,North Parsons Plaza
44YEX,ALDI
J0OQU,Brooks Street
11MSB,Publix
87F1W,ALDI
O9TK7,Mason Avenue
I1TMG,Crystal River Mall
HEZIC,8th Avenue Drive West
1O8CX,39th Street West
WSINM,Bayou Plaza
V8P3Q,SoMo Walls
8BPIA,Foot Solutions
WUWP5,Alpine Center
39TW3,Florida Keys Outlet Center
ODMX7,American Eagle Outfitters
VNA9H,Southwest 58th Avenue
SJ4H0,Dyer Boulevard
508HU,Sand Lake Road
BRMRZ,Sand Lake Road
MCHJM,300
24ZJ3,Peachland Boulevard
4SQJX,Quesada Avenue
PDWIS,Heritage Plaza
4HHKN,Tamiami Trail
IL16B,International Plaza and Bay Street
3V4T5,Tour Boat Boarding
77OVA,Titusville Mall
5DOS5,Landmark Shopping Center
68IB2,LandMark Plaza
NU3LY,Lakeview Shopping Center
X748O,Carrollwood Commons
Y82QJ,Manatee County
9SWKP,CocoWalk
RNGXA,RK Village Plaza - Raanan Katz Shopping Center
KW024,Shoppes at 104
PH8DL,Bird Galloway Center
OQKJL,Centro Comercial Managua
ZBXKQ,Legacy Place
5DY96,Northlake Promenade Shoppes
16RI5,Market Street At Heath Brook
BKHEU,Palm Beach Outlet
PAP1G,Tin City
1ABNQ,Orlando International Premium Outlet
QZ9G1,European Village
7C4KU,The Grove Shoppes
3SIIO,The UPS Store #6657
ZZRQW,Anchor Shops & Parking
V2WBL,Homestead Towne Square
E67SC,Miami Design District
GHQLU,Lincoln Center
IFDTT,Wellington Mall
7MAMK,Shout Supermarket
0155Q,Chiefland Regional Shopping Center
63DKV,Upper Buena Vista
FBQF7,ONE DAYTONA
YHLBQ,Thrift Life
S6ANU,Natural Food Market Place
QWIVD,The Village at Hunter's Lake
ZG23P,Fashion Square Mall
4RZ3D,Plaza 800
ID1PH,Shoppes of Winder Oaks
PIX4I,Concorde Plaza
BNK24,Southgate Shopping Center
XFZ8X,Glengary Shoppes
B0TLV,Crestwood Square
AGNAT,Middleton Downtown
LUY0F,Shoppes at Paradise Pointe
83L4P,Perry Plaza
NSNEW,Sparkman Wharf
8BR3G,University Mall
JODH3,DeSoto Square Mall
9RFL1,Brandon Town Center Drive
3S8P1,Winn-Dixie
0ONKZ,Lakeview Plaza
DNX1E,Rutland Plaza
D0VU7,Dezerland Park Orlando
WETQK,The Mall at Millenia
KPYHC,Old Boynton Road
JXBVK,Old Boynton Road
RBWVI,The Mall at Wellington Green
D6YFL,Miami International Mall
O783L,Treasure Coast Square Mall
MRS3F,Aleena Diamonds
R2KKL,Westfield Citrus Park
56FWZ,West Village Drive
0QD5D,Kings Highway
93LSJ,CMX Dolphin 19 & IMAX
S8CZ9,The Shops at Wiregrass
H5QQP,East Towne Center
AZHHP,The Gardens Mall
S42Z5,Lakeland Square Mall
CN3P8,The Florida Mall
HC4GR,Mobilezone
1VUVS,Sweets Plaza
CM23E,Publix
1RYZI,Banana Republic
FIQDP,Publix
U10XK,Lakeshore Mall
QAJRX,Shopping Plaza
S5YGW,Shopping Plaza
NZ30U,Shopping Plaza
FH1HF,Aventura Mall
0QRLU,9180
W2CX9,Titusville Mall
R88Q5,The Oaks Mall
0MOT1,Live Oak Avenue
JJ46R,US 27
22KC3,Tyrone Square Mall
EQYBY,Lake Square Mall
RP3Z5,Port Charlotte Town Center
QTJE5,Pinellas Park Square
CWFIJ,Mill Creek Mall
HOWWB,Mama Rosa's
RB2B1,Merritt Square Mall
NT9QP,Belk
2588L,I 75
XY1ZI,Factory Shops Boulevard
THCDA,Factory Shops Boulevard
TN5BY,I 75
XD0VR,I 75
OT9L8,Factory Shops Boulevard
ZIDLO,Southwest 139th Avenue
KS4CD,Seminole Mall
3E8WO,Countryside Mall
C7EJ2,Avecina Urgent Care Clinic
U5SPZ,Argyle Family Dentistry
H9RZI,Merchants Gate Drive
3BJEJ,Endless Tan
YQLBI,Merchants Gate Drive
CT6OB,Crosshill Blvd
S1NC9,Argyle Forest Boulevard
EJGVO,GNC
V0QHG,Barber Shop
5GS3G,Crosshill Blvd
NLHI6,Old Middleburg Road South
4EHGO,Merchants Gate Drive
RO6LB,Justice
DWBBO,Crosshill Blvd
1XJLZ,Crosshill Blvd
BP4FW,Crosshill Blvd
H7L8W,Crosshill Blvd
FBW3X,Dollar Tree
RLGVQ,Superior Plaza
756JR,9680
J7VM7,US 98;US 319
K5AO0,Bal Harbour Shops
62F6G,Seminole Towne Center
1JBDC,Heritage Walk
CLAXW,Saint George's Row
YRN5I,Wellington Mall
XYV7N,Grande Boulevard
H3ACL,Eagle Ridge Drive
4TYYJ,Worth Avenue
31Q12,Worth Avenue
K5INR,Goodyear Auto Service Center
6641Y,Thacker Avenue
NKE46,Argyle Forest Boulevard
MXZP2,Santa Rosa Mall
2KMX7,Avenue G Southwest
ORIAV,Mall of the Americas
IK0NX,Hunters Oak Drive
ZE7JQ,Promenade Square Drive
WZD6R,Hammocks Boulevard
TQN2J,Southwest 169th Court
DW2H3,14790
GB33H,Kendale Lakes Plaza
0Y8ED,Higate Square
IVK9W,Great Clips TJ Maxx Plaza
L4S5Q,Southwest 59th Street
69EO6,Southwest 42nd Street
GM79W,Panda Express
KM5LF,Southwest 134th Avenue
A2C96,Winn-Dixie
1QGM1,Skylake Mall
OOCTG,Bed Bath & Beyond
GJ30R,Northeast 163rd Street
4LOPZ,9045
XSGCU,13565
3KE9L,Grand Regency Boulevard
7UW1Z,Grand Regency Boulevard
6UQGA,Shops at Merrick Park
86PNH,10063-1 Baymeadows Ap
YJUIF,Mattress Firm
EYV6O,Steele Street
UN148,Spencer Drive
RQGDE,3913
1O6LA,Publix
OHDZI,Palm Drive
1RGQX,South Tamiami Trail
YRFD2,Sarasota Square Mall
2M5GV,Bliss Salon
3O0C9,Clark Road
CS4ML,Auburn Court
DPGWQ,South Lockwood Ridge Road
O0I7Q,Landings Boulevard
9L1Q7,Versailles Street
HVWNQ,Westfield Siesta Key
3DTQD,Fruitville Road
7SWZ9,East Hillsborough Avenue
AUK33,Hillsboro Plaza
AXGVQ,Thonotosassa Road
9EJIC,Sleepy Hill Road
46I7F,Sharon Drive
8VNSK,Maple Street
TWBXC,Plantation Square
KOKLS,dd's Discounts
TQS6U,Armstrong Boulevard
6OOM1,East Vine Street
TT2J6,Bronson Highway
0X5VA,Bronson Highway
JW1VE,Westgate Plaza
9YIRN,US 98
3AHHE,US 27
NP3DX,Woodstock Drive
B53WM,Southchase Village
H69G4,Shoppes of Oakbrook
K2L1P,Bluffs Square Shoppes
132B1,Sabal Palm Shopping Center
CTRS1,Collier Boulevard
T5ULB,324
T78G7,Shopping Center Drive
ZO7D6,I 95
GHCPY,Colonial Promenade
UA46F,Town Center at Boca Raton
7T8G5,Mall at University Town Center
GV8SQ,Paragon Ocean Walk 10
H70B8,Colony Square Drive
SI4Y6,Colony Boulevard
FIN1G,Philips Highway
5MKQV,Volusia Mall
HSU50,Broadway's
D8K74,415
SLQXN,Hopewell Avenue
PX3AZ,East Alexander Street
NCI0Q,James L Redman Parkway
8AYPD,East Alexander Street
1JX05,James L Redman Parkway
Z6R5Y,Today's Male
V9R4W,Sunset Harbour Shops
UIB61,James L Redman Parkway
K596G,Southwest 89th Lane
1IJY1,Gulf View Square Mall
WA004,Cordova Mall
64K9C,Bartow Shopping Center
L5KPQ,Century 21
LV7QB,Brandon Center
RP0VR,Clayton Mall
TT4J0,West Langford Drive
1WM15,Tampa Premium Outlets
GAD11,Okeechobee Boulevard
SG9C0,Westland Mall
ZQ50A,Ultramont Mall
4KS5G,B&B Joint
QGNSL,West 1st Avenue
D5FVL,Uleta Plaza
UYYBT,Lincoln Road Mall
UXA8F,Canton Avenue
22UJE,430
B4DUX,Indian River Mall
NC58L,Southwest 91st Court
TKZ8P,Southwest 136th Street
R6D8E,Southwest 135th Terrace
M93AH,Sunshine Park Mall
PP08V,Centre of Tallahassee
31G64,Altamonte Mall
9X5F2,Palm Plaza
IMU61,Tommy Hilfiger
295GA,Mattress Firm
XHJ1I,Southwest 120th Street
PGDX4,TJ Max
TAUYZ,Community Drive
CC8E5,Old Military Trail
4J6I5,South Chillingworth Drive
OZ7HL,Frank Street
5XKFY,The Big Apple Shopping Bazaar
CLV5R,Indian Rocks Road
JKT77,Murdock Plaza
R7PBP,Quesada Avenue
QNT7S,5th Street Southwest
5Z2U5,Governor's Square Mall
THVYX,West Griflow Street
UYNLU,3878
KH2IP,East Fowler Avenue
P09S5,Providence Road
7IRE4,Tamiami Trail South
TER5E,Immokalee Road
4JGN6,International Plaza and Bay Street
92W6W,International Plaza
MEK3M,Corkscrew Village Lane
DT8UL,West Terry Street
AVN23,93rd Avenue North
M5TTT,94th Avenue North
BF2E4,Lake City Mall
9QXYP,Publix Liquors
0A4QR,Lake Gray Boulevard
PS8B7,Lake Gray Boulevard
DN7OK,26th Street West
RW6UZ,Lee's Alterations
KVEZ5,Legendary Drive
Q096T,Forsyth Road
QGFEZ,Iglesia Cristiana lel Rebano
UX4D9,West Lancaster Road
J29S9,Pino Gelato Cafe
8UMBD,Patrol Road
HXYAO,Plaza del Sol
VRRMS,Sevilla Plaza
1WJ2R,Sand Lake Road
CIVS4,Sand Lake Road
R5OOS,Sand Lake Road
I830S,Sand Lake Road
X6RBW,Sand Lake Road
DC828,Terrance Florida Mall
HI7UM,American Signature
I4UYI,Maud Street
PU6AR,Maud Street
TQJZV,Maud Street
80RJZ,University Village Shops
SJEXX,Aventura Mall
SCIGT,Wekiwa Springs Road
ZEDY7,Westshore Plaza Mall
5758V,Orlando Avenue
Z1KQT,Orlando Avenue
6ZA5A,Webster Avenue
ROP34,Orlando Avenue
FDHQ6,Orlando Avenue
BEU4F,Orlando Avenue
4HAYU,Beachview Avenue
Y7DJT,Southwest 135th Terrace
AF8QL,Southwest 135th Terrace
BUW8Z,Town Square Center
SPGK0,Hudson
N6UWZ,Kingston Drive East
KSY2C,Kingston Drive East
V194G,Village Square Shopping Center
0AN3T,Homestead Station
Z1EC8,The Lighthouse Shoppes
FRIP2,South Valrico Road
KVGXO,Mirror Terrace Northwest
WQ5J1,Freeway Insurance
7OYYR,KWIK Tax Refund
NQH0E,Southeast Plaza
8NDB5,Brickell Smoke Shop
GOGMB,Publix
QNUMU,Federal Highway
BSWVQ,Post Avenue Southwest
EWUXL,Avenue O Southwest
YHRN1,Grove Avenue
JAC29,17th Street
9152J,Ocooee Plaza
8YTPG,McDonald Terrace
POVCF,Poinsettia Drive
2UY6I,East Edgewood Drive
58OS1,Reynolds Street
6KNQO,Palm Beach Boulevard
K1OU2,Palm Beach Boulevard
QA0LU,Palm Beach Boulevard
1ZU7G,Palm Beach Boulevard
0J1MI,Pierre Lane
DCBHG,Market Square
GFS2P,North Parsons Plaza
9I3LC,ALDI
YNT0P,Brooks Street
9XWIB,Publix
RS2OK,ALDI
SGRAI,Mason Avenue
2OWTG,Crystal River Mall
RSGUS,8th Avenue Drive West
DRQK6,39th Street West
NPCX9,Bayou Plaza
749KT,SoMo Walls
XQZA5,Foot Solutions
LVFYH,Alpine Center
4QCGM,Florida Keys Outlet Center
S6950,American Eagle Outfitters
1PLKQ,Southwest 58th Avenue
7M487,Dyer Boulevard
V2YD1,Sand Lake Road
YL0XI,Sand Lake Road
80GZG,300
T6W6O,Peachland Boulevard
P6OFT,Quesada Avenue
HBQVV,Heritage Plaza
VR2RW,Tamiami Trail
CHFUY,International Plaza and Bay Street
GQ0B5,Tour Boat Boarding
