id_centros_hosteleria,centros_hosteleria
VH2OJ,seaview condominiums
NC44N,1275 rest area manatee county mile 7
NKKS3,windsong charters  boat rentals
TGBOM,clearwater travel resort
NUMCZ,the bungalows
BMCDY,towneplace suites tampa northi75 fletcher
GBEAM,thriller clearwater
D6LGE,carnival cruise lines
58RJ8,hubbards marina
0QEOF,watergarden inn at the bay
J50JT,shangrila bath  sauna
FVEE6,country inn  suites radisson
OZVM1,hertz rent a car
J8MUY,alfrescos
WJKO4,palm pavilion inn
4CJ6L,courtyard by marriott st petersburg clearwater
88CII,hampton inn  suites tampawesley chapel
4YNNS,sun line cruises
ZH7NZ,scuba haven
7V26E,embassy suites by hilton tampa downtown convention center
VT0SV,ebb tide motel
3UATP,woodys watersports
4ETDS,pier house 60 beach marina hotel
BSU9I,sleep inn wesley chapel  tampa north
4VBZD,rent max
QUDFZ,ybor city food tours
ER6HI,grand hyatt tampa bay
I2IYR,itrekkers
EG12Z,courtyard by marriott tampa oldsmar
MSOO9,hampton inn  suites st petersburgdowntown
Z69KI,fairfield inn  suites tampa fairgroundscasino
6IXLB,aloft tampa downtown
838KU,alamo rent a car
F77BP,coast bike share
J1MFF,bay bayou rv resort
XPXKH,dollar car rental
MS1TJ,holiday isles resort
18EML,hampton inn  suites tarpon springs
6RW07,tarpon springs aquarium and animal sanctuary
7H3TZ,sun burst inn
NDXO4,st petersburg  madeira beach koa
LNQQN,safety harbor resort  spa trademark collection
OR96B,tarpon shores inn
RMYNY,tace lounge new orleans cuisine  jazz
L3DGW,dream catcher explorations
LZ90X,kings executive limo  car service
1X2FS,rivers edge
G9JKO,shephards beach resort
L9UQT,barefoot beach hotel
N0XGV,bob evans
61F7N,beach place condominiums
8OMGS,enterprise rentacar
JMMF2,holiday inn express  suites port richey
U5RRE,pasco county rest area i75 northbound
P88OI,best western plus yacht harbor inn
NI4KX,hotel isis
G631Z,beso del sol resort
KLWZO,rodeway inn near ybor city  casino
54PE6,anglers cove condominum associates
O38QB,greyhound bus lines
KMMX6,embassy suites by hilton tampa usf near busch gardens
J71JF,spinners revolving rooftop lounge
SQ7FD,holiday inn express  suites tampa stadium airport area
RD2N2,embassy suites by hilton tampa airport westshore
FC55S,residence inn tampa oldsmar
8EEGK,holiday inn express  suites tampa usfbusch gardens
KMXB7,holiday inn express  suites clearwaterus 19 n
V6WN5,hollander hotel
B1IOT,plaza beach hotel  beachfront resort
YPI62,seminole hard rock hotel  casino tampa
2OFXO,coconut inn
40YI3,la quinta by wyndham usf
2EUS6,holiday inn express tampa n i75  university area
GXQ8Q,hilton garden inn tampa northwestoldsmar
6VF24,springhill suites by marriott tampa northi75 tampa palms
FYD35,suburban extended stay hotel airport
DYMUH,super 8 by wyndham clearwaterst petersburg airport
CG418,tampa airport marriott
RZ2L1,hyatt place tampabusch gardens
QX4MF,motel 6
8BOEE,red roof inn tampa bay  st petersburg
K8MDB,coral reef beach resort
ZBT1D,yellow cab company
VL0EZ,the humans mechanic
GAFAR,dayton andrews chrysler jeep dodge  clearwater
20YM5,uber
5RO4L,holiday inn express  suites st petersburg north
5PO8P,execucar
CWHX4,lutz mail depot  fedex
BHM5F,grand shores west resort
KWXUE,shallow point charters
LP4D5,south beach condo hotel
78DVB,ybor resort  spa
CCB3M,autopros towing
2SD6P,escot bus lines
ANAMN,rodeway inn
B3L0Y,ajs towncar
3SV3Y,general rv center
NM0JD,carousel motel
N1V86,hotel alba tampa tapestry collection by hilton
7R560,silvercar by audi
AQMVW,brew tours by thirsty pelican
MPCS5,advantage rent a car
3LY6S,frog creek rv campground
XGU5G,td ballpark
EGXS0,pedalpub st petersburg
0VQUK,beer can island
FFOXV,cottages of clearwater beach
HIP73,holiday hotel  resort
9RZAN,hilton garden inn st pete beach
VWZJ7,wet rentals  tours
LXORJ,tampa limo  car
HCAHK,tampa east rv resort
BT2YS,easirent car rental
2LAKU,country inn  suites by radisson tampa rj stadium
V1NO4,river oaks rv resort
PNUKK,long key beach resort motel
ZFF41,comfort inn st petersburg north
LWBEM,la quinta by wyndham tampa brandon regency park
7AM50,tampa bay aviation
BKGVL,national car rental
JG6U1,the cordova inn
65F6H,residence inn tampa downtown
Q1FTY,elevage
ROVPN,edge hotel
0M39U,atlas aviation
W0EKJ,quality hotel clearwater beach resort
SSKTS,comfort suites tampa airport north
4NN14,quality inn airport  cruise port
R6Y8K,freightcenter
7H4N2,ybor city chamber of commerce visitor information center
N0KSR,sabal palms inn
0A0EQ,brew bus brewing
NOOUJ,the pier
FTWQT,parrotdise express
LTXZ2,canoe escape
FRMJF,la quinta inn by wyndham tampa near busch gardens
O8OAY,fairfield inn  suites by marriott clearwater beach
C275W,pirates pointe resort
G03UZ,knights inn saint petersburg
FICE9,knights inn clearwater
KB750,pelican pointe
D6NQJ,comfort suites clearwater  dunedin
ZOGB6,good earth tours  safaris
FIIEA,crowne plaza tampa westshore
GGZPB,hilton garden inn tampa ybor historic district
8NEGH,bay harbor hotel
FQDKD,comfort suites at fairgroundscasino
SE8CI,hilton st petersburg carillon park
HGWK4,shephards ocean flame
TZDR8,springhill suites tampa brandon
GLNED,hilton garden inn tampa suncoast parkway
CRX9T,the birchwood
Y53KP,florida cane distillery
04M82,royal caribbean cruise lines
PW3VG,jetblue
729HU,inn on the beach
VL4OL,dreamview beachfront hotel  resort
AB7RL,avenida suites
2A6NI,springhill suites by marriott tampa westshore airport
8PYMT,avis
V3TRN,seaside inn  suites
3Q6EA,hyde park hotel
UQF5I,hampton inn tampaveterans expwy airport north
N8HWA,shoreline island resort
HFEPO,avis rentacar  tampa intl airport
AMEBI,walsh chauffeured transportation
DEPD8,treasure island ocean club
RFB3Q,hampton inn  suites largo
QGB76,hampton inn  suites tampa northwestoldsmar
EUUY1,crossbay ferry
FCRAI,bayside inn
6FPCA,hampton inn clearwater  central
KJD8G,pick me up car service
B5MV8,lazydays rv resort
DD64K,st nicholas boat line
3CQ1U,albert whitted municipal airport
QX08P,fitzgeralds countryside hyundai
E8XZD,dolphin quest
IAK1G,gandy bridge
GOBKA,eagle parasail
98WE8,courtyard by marriott st petersburg downtown
4OKSU,la quinta by wyndham st petersburg northeast
NESCT,homewood suites by hilton tampaport richey
RFE88,fairfield inn  suites tampa brandon
U4EK6,keystone motel co
6LR4S,econo auto rentals
XOBB9,cab plus taxi
G8WDG,charlies scooter depot
6QUL6,american balloons
P61UU,cts towing  transport
2US4F,mccormicks cable park
1J96W,page terrace beachfront hotel
SQ0PD,clearwater beach scooter and bike rentals
FUJEU,main terminal  tpa
3JC6W,rodeway inn fairgroundscasino
W2CD0,tsa precheck enrollment center
Z6U5R,ace rent a car
8Q56A,fox rent a car
J4OQ2,cruisin tikis clearwater
THL8P,camping world of new port richey
9P8D6,island kayak tours
2BXR1,sandalwood beach resort
E2FI6,the kenwood gables bed  breakfast
VC36O,murder house
2NBAX,sun lake rv resort
KEWD2,hampton inn plant city
1CQ2K,st petersburg pier
Q78YH,rowe transportation
4DXVC,quality inn  conference center
QRQBZ,sleep inn clearwaterst petersburg
PSJV3,howard johnson resort hotel by wyndham st pete beach fl
QK7LR,holiday inn
C9LZV,vista inn and suites tampa
KI9L6,holiday inn express  suites st petersburg  madeira beach
TUYTG,tradewinds meetings and weddings
A0P77,aspirations winery
2WJ9V,admirals club
XII1Y,tampa marriott water street
2WQE6,algiers gulf resort
VHPL8,budget
6DBT5,ghost tour
3KQPF,tradewinds island resort
8SCB7,red roof inn tampa fairgrounds  casino
U3KRW,econo lodge
28AS9,la quinta by wyndham tampa brandon west
8DGVB,courtyard tampa northi75 fletcher
45TBW,ramada by wyndham temple terracetampa north
IDQ94,treasure island beach club resort
AC1TV,malibu resort motel
K7GM2,clarion inn  suites central clearwater beach
0S31N,free beach ride
3SOK2,old mcmickys farm
WEJPW,nepa hut beach bar
URNLT,ac hotel by marriott tampa airport
K2FXV,st peteclearwater international airport  pie
EXPKX,budget car rental
QOJ55,finish line scooters
PXLAH,a quality moving
SUNUA,treasure bay resort  marina
OMSL8,sixt rent a car
3T3AV,rodeway inn central clearwater beach
BHF2X,camaron cove resort
1UTMY,le mridien tampa
U3AAX,extended stay deluxe
2FVJU,days inn  suites
8ZPH3,la quinta by wyndham clearwater south
EU065,payless car rental
1HHGV,tampa bay food tours
ZR47Z,southwest airlines
0WG1Z,holiday inn clearwater beach sharbourside
LBKTC,best western tampa
9879S,peninsula inn  spa
UUQL7,beachwalk inn
4DTIY,belmont inn and suites port richey
FJSAU,dayton andrews dodge chrysler jeep ram
EUZ1O,fairfield inn  suites by marriott tampa north
OAG0R,embassy suites by hilton tampa brandon
G4W56,camelot beach resort
N776Y,red roof inn st petersburg  clearwater airport
H9XW0,hotel cabana clearwater beach
RFL2D,sandy shores condominiums
56RUJ,best western sea wake beach resort
S0144,aaa carrollwood
PXBRY,downtown crawlers
OU7WA,cracker country
UN6MK,vintin hotel
G63AQ,aaa port richey
YN8IM,egmont key boat cruise
TJVH4,island ferry
PTJXQ,sailing florida charters  sailing school
23BC8,fishing charters captain billy miller
IS92J,tampa inn
OK107,united airlines
MP13W,elite travel management group
A3FSB,extended stay america  gibsonton
Y6SM4,holiday inn express  suites ruskin  sun city
EOG78,hampton inn dunedin
QN8BV,avalon rv resort
4PBSF,holiday inn st petersburg west
HXZK5,tru by hilton st petersburg downtown central ave
RVBXL,gulf winds resort
KZKZV,home2 suites by hilton largo
3OZBE,inn at little harbor
FSVQ6,holiday inn express  suites tamparocky point island
BSE1H,staybridge suites tampa east brandon
4ZWLC,the beachcomber
1LLZV,island boat adventures
VPH47,holiday inn express  suites tampafairgroundscasino
5USJH,wyndham garden clearwater beach
GGM8A,shulas steak house
CE9BO,bilmar beach resort
U4TR0,the birch  vine
13ITR,sweetwater kayaks
5L9J7,hilton garden inn tampa airport westshore
B3STQ,comfort inn plant city  lakeland
DOKPM,tampa union station
QO66E,holiday inn hotel  suites tampa n  busch gardens area
5B31U,extended stay america  st petersburg  clearwater  airport
WW23E,travelodge tampa west of busch gardens
369DF,amber tides motel
A94QS,clean jeans
X0G4P,brightwater suites on clearwater beach
U0WGK,flamingo resort
RDKNT,hampton inn  suites tampanorth
7OTX3,magnuson hotel marina cove
UDWP3,quality inn busch gardens
6Z4HM,extended stay america  tampa  north airport
POJCQ,the don vicente de ybor historic inn
2FQE0,dollar rent a car
TD5JE,fairfield inn  suites clearwater
O4QOZ,american victory ship  museum
6IRAU,casa bella on westshore by roscoe properties
EX7YB,holiday inn express  suites largoclearwater
HD5CV,holiday inn express  suites tampai75  bruce b downs
HY54W,mansion house bed  breakfast
2YHQC,holiday inn express  suites tampa east  ybor city
UYP5L,gators parasail
82JZY,station house
ZK2AY,the westshore grand a tribute portfolio hotel tampa
JB9DK,bonaire resort
L3W60,extended stay america  tampa  north  usf  attractions
SNC0K,la quinta inn by wyndham tampa bay airport
WXA89,masters inn fairgrounds
U3NJ4,hampton inn  suites tampa east
Z9H9F,calypso queen tropical cruise
DGWP6,fairfield inn st petersburg clearwater
CX2II,sea captain resort on the bay
E3HZ1,quality inn
JZOG7,camping world of tampa
U7CHW,electric glide tours
A6VBD,residence inn tampa suncoast parkway at northpointe village
ZN796,waterside at coquina key
PG893,bay palms waterfront resort  hotel and marina
IDIME,delta sky club
MP7JX,the arbors seaside cottages
T8GB4,la quinta inn by wyndham tampa bay pinellas park clearwater
GK4GE,sailport waterfront suites
N32PT,the westin tampa waterside
PRKQY,dickens house
ZTX3P,ybor city historic walking tours
R823M,renaissance tampa international plaza hotel
ZZAD1,quality inn  suites at tropicana field
0789N,tampa stadium hotel
WGVS4,sand glo villas
3LJCS,caliente club  resorts
4LG6G,days inn by wyndham st petersburg  tampa bay area
2ZOS1,emerald greens condo resort
VC0GJ,magnuson hotel and marina new port richey
RPDKF,ramada clearwater airport
SZVS8,ruskin inn tampasun city center
99L94,harbor food tours
2BNKF,residence inn by marriott tampa sabal parkbrandon
YTIHE,commodore beach club
CD9TI,gulf towers resort motel
OEFOI,periscope restaurant
8P4TS,fenway hotel autograph collection
8H0ON,aaa palm harbor
2J38F,centennial park trolley station
I4OO8,williams park hotel
VYDG1,new wave auto sales
4LLCC,upper tampa bay paddle sports
SROCA,tsa checkpoint f  tampa international airport
8H7E1,hampton inn odessa trinity
KNM9W,barriehaus beer
ZZ62A,signature flight support
6XHA5,taste of st pete
DZG42,lost pearl pirate cruises
UN93Q,schooner clearwater
DA95J,roberts mobile home and rv resort
HOMKA,ceremonies by nan
TYMHB,madeira bay resort
YALAZ,village green active 55
FQS8Y,sand dollar  beach resort condominium
T1UEM,sea chest motel
938MG,palm bay hotel
9TMDK,tampa bay watch discovery center
FNB1X,caliber collision
Y8MOW,sea jay motel
PXUU6,crystal palms beach resort
RZKPM,belleair beach resort motel
Y1LJF,chase suite hotel tampa
ZO55C,ramada limited clearwater hotel and suites
XPGKR,infiniti of clearwater
MHG8D,days inn north tampa near busch gardens
3C8WJ,woodsprings suites
WK0PD,north sunrise resort
Y00AL,comfort inn  suites northeast  gateway
BKFYJ,clearwater beach hotel
9XZVE,fitzgeralds countryside subaru
U1USG,postcard inn on the beach
NBI5A,hilton tampa airport westshore
AUEIA,dolphin racer speedboat
61BSI,hilton garden inn tampa north
BJBH7,la quinta by wyndham tampa north i75
3NUSO,mangos restaurant  tiki bar
6TE5T,econo lodge airport  rj stadium
TK4WS,turtle cove marina
XSLBE,dolphin beach resort
0AOWJ,sheraton tampa brandon hotel
JR3AQ,tampa water taxi
ZC0XI,sheraton tampa riverwalk hotel
7P3FU,payless parking and car rental
3JW9V,mosi
5F4RW,extended stay america  tampa  airport  n westshore blvd
42UMS,blue waters treasure island
7HOFQ,la quinta inn by wyndham clearwater central
VAL4Y,grindhaus brew lab
06CBJ,sunshine jet ski rental
TKRN8,st pete beach suites
4DGUP,intercontinental tampa
QZ2KQ,tahitian inn
PO5JG,club wyndham clearwater beach
D5JWT,sunrise resort motel
A1VVH,experience vertical flight
J3KQS,st petersburg marriott clearwater
L5CRS,quality inn  suites tampa  brandon near casino
OA1XP,allens aquatic adventures
THPJN,crowne plaza hotel tampa east
TSPY6,the hotel zamora
CB58P,island house resort hotel
IIKZT,country inn  suites by radisson
2EPF8,beach drive inn
414FX,clearwater ferry
HTFB0,palmer house bed and breakfast
GTTUZ,travelodge beach view clearwater
3RTUC,aaa new tampa
XY8OY,blue moon inn
2NRVD,exotic luxury rental
TQV26,air adventures st peteclearwater
WAGIW,silver sands motel
UHO0Q,innisbrook lockness pool
KH3IW,powerhouse gym north tampa
Z27QT,jp cat
A1YLO,cypress breeze beach horseback rides
EAMPM,ashleys victorian haven bed  breakfast
S0CII,the godfrey hotel  cabanas tampa
86RE9,hyatt place tampawesley chapel
LLW9N,tropical inn  suites
PL6YK,skyline limousine
ORFLW,budget rent a car
WHEZK,caladesi rv park
6EYLM,paramount water sports  jet ski rental
E62HG,clearwater slingshot rentals
6WYQ1,l3 limo
VLTF4,courtyard by marriott st petersburg clearwatermadeira beach
QDGZI,hilton tampa downtown
S5EOC,opal sands resort
W61U7,sunset vistas beachfront suites
NE87Q,four points by sheraton suites tampa airport westshore
MB79G,speed boat adventures
1T7UZ,hampton inn tamparocky pointairport
HR3IE,value lodge
MMRAL,doubletree by hilton hotel tampa airport  westshore
1S4IY,big time limo
UGLFB,alden suites a beachfront resort
SGZZ4,inn on the gulf
19A5N,big cat rescue
64QVU,advantage car rental
W8C6Q,bill browns plaza travel
PP7LV,hilton clearwater beach resort  spa
6Q33K,quality inn  suites conference center
PBR2M,staybridge suites st petersburg downtown
5J3N8,tampa international airport
6E7PT,changing tides cottages
UB923,bianchi realty  property management  brenda bianchi  team
OL4JR,the standard at 2690 apartments in clearwater
6TNHI,silver airways
18YY8,bats taxis
MVGX3,fifty gulfside condominium
OT9KU,thunderbird beach resort
RW6EN,johns pass condos
BHA5B,microtel inn  suitesstadium
NKS2T,home2 suites by hilton tampa usf near busch gardens
PBOHG,holiday inn express  suites plant city
P9BKH,johns pass beach motel
F8BMY,playtime learning academy
JNIN9,arvilla motel
TOHSP,tampa airport taxi
TVO6L,easy es car service
8Z6XL,magnuson hotel clearwater beach
8QQQD,extended stay america  tampa  airport  spruce street
DAWEX,island cay at clearwater beach
RLBX9,spartan manor
FXM89,the segway adventure
U4PY0,tarpon springs
CVQT5,doos amazing tours
K3TT5,kai lani catamaran
H4MQ6,the pier aquarium
ZS6UU,holiday inn express  suites tampaanderson rdveterans exp
UE0I6,west wing hotel ascend hotel collection
PU47A,tampa bay fun boat
D0Z6U,kayak nature adventures
X09MO,suncoast watersports
U1BXL,meranova bed  breakfast
MF0YI,suncoast motel of treasure island
PVY4H,blind pass resort
WOTHZ,saddlebrook resort tampa
H2B46,best western wesley chapel
02OXO,sands of treasure island apartment motel
VH1KB,reef club
E4K42,beach house cabanas
BRASN,super 8 by wyndham tampa usf near busch gardens downtown
SKIL2,far horizons motel
H4FR2,st pete segway tours
QSDI4,beyond the wall
W742M,reflections
6GD4Z,happy traveler rv park
KZ0DJ,economy rent a car
5YSB3,gulf way inn
0JCDG,preventive maintenance service
9U0WA,sea  mist sea tours
P9KZD,coconut kayak tours
LS676,vista inn on lake tarpon in palm harbor
PMLHX,delux inn
TMSBH,clearwater fun boat
LTFVZ,oyo hotel pinellas park  st petersburg north us19
LDQD7,current hotel
X6J01,hilton garden inn tampawesley chapel
2LEFH,royal north beach
1A7PW,jw marriott tampa water street
8C8V3,hyatt house tampa airport westshore
MOC2Z,fusion resort
NSJJV,intown suites
U64EX,fort de soto park campground
VN8VT,cleawater lake tarpon koa
3NMT0,corazon restaurant and bar
KPWK5,tampa bay ebikes
OZ93Q,once upon a vine
CT58I,cruisin tikis tampa
CMX7P,hyatt place
KKRME,waterworks bar and grill
027ZY,floridan palace hotel bw premier collection
S6NH9,717 parking enterprises
J2CT6,holiday inn express  suites trinity
SJPYD,avalon inn
HQL9W,cigar city brewing
A0U2K,jc newman cigar company
0RW52,crystal bay hotel
XME6J,surf n sand motel
YM7OT,residence inn by marriott tampa westshoreairport
NP6CE,holiday inn express  suites clearwater northdunedin
L9N1I,howard frankland bridge
YNSKW,enchanted inn  beachside cottages
TBC8C,super 8 by wyndham clearwaterus hwy 19 n
B87TE,motel 6 no 483
6DL15,holiday inn st petersburg n  clearwater
6UZTR,little toot dolphin adventure
HO4QL,residence inn tampa northi75 fletcher
8G581,fairfield inn  suites by marriott tampa westshoreairport
79JG8,ramada by wyndham tampa airport westshore
J5IQK,sleep inn near busch gardens  usf
WU53A,beach house hotel
G08ND,megabus
HOI72,quality inn  suites st petersburg  clearwater airport
O5MZY,doubletree beach resort by hilton hotel tampa bay
32T1V,holiday inn express  suites spring hill
7K328,grand plaza hotel  beach resort
R3XLR,hampton inn  suites clearwater beach
HN05L,green cab
79C3I,lake tarpon resort
XLRM6,croc encounters
Z5MX3,little manatee river state park
FHXQW,teco line streetcar system
IH8I7,usave car and truck rental
DHTSN,towneplace suites tampa westshoreairport
AKL6N,treasure island beach resort
6DCD4,thrifty car rental
PAES7,blue wave motel suites
3VKGA,holiday villas iii
P5LIM,727 taxi
QXK9N,holiday inn tampa westshore  airport area
6RQBD,avis rent a car
BIY5S,park ez fly
QA8VM,passport to travel
DGLDM,miramar resort
PULU1,firefly
090X1,howard johnson hotel by wyndham tampa airportstadium
KIIIJ,sonesta simply suites clearwater
20KVP,budgetavis rental
1QPHX,tampa fishing charters
3RC1Y,beach side palms
NNGKG,united taxi
T4EQN,capt jared
AU54B,holiday inn express clearwater east  icot center
FHAXS,redington surf resort
ADRBM,days inn  suites by wyndham port richey
1Z6LK,psta grand central station
32N3G,la quinta by wyndham tampa fairgrounds  casino
K85O2,united cab company
LZXYG,alvins lounge
1P7PO,aaa  tampa
TPDXV,thrifty rent a car
9O8RY,la quinta by wyndham st peteclearwater airport
R0N49,bungalow beach place
FL7QE,port tampa bay
USU26,macdill motel
KUFWE,airport direct
MG1VK,jefferson motel apts
YA8AU,woodspring suites
0TMXM,rentz of clearwater
QJEUN,towneplace suites by marriott tampa south
3BS2F,uptown suites
C4NE0,clearwater jetski and funboat adventures
8UONW,sandy beach vacation rentals
PG5J9,hertz
U1HLM,the sparkman house luxury bed and breakfast
IVJJS,hanks transportation
LI7SK,fairfield inn  suites by marriott tampa wesley chapel
X3I88,cambria hotel st petersburgmadeira beach marina
HUF7R,plumlee gulf beach realty
4Y1NU,blufin waterfront grill
BWKJG,get up and go kayaking  tampa bay
1R7P7,mad beach paddlesports
3XBCH,winter the dolphins beach club
FFXMF,sulphur springs
9NZ81,allegiant air
IWW14,baymont inns  suites
GEE4X,magnuson hotel clearwater central
W3N8T,hilton garden inn tampariverviewbrandon
E52R5,castle hotel
6E4EN,clarion inn and conference center tampabrandon
GAKS8,sandpearl resort
MB2UC,doubletree by hilton tampa rocky point waterfront
4I1CF,ez rent a car
0I0MX,treasure island boat rentals
GB091,sand vista motel
5ITRQ,supershuttle
21OAF,clearwater beach jet ski rentals
L21GE,days inn by wyndham st petersburg central
YNRVL,the new york diner
ZWTK5,grams place
B5C88,the pirate ship royal conquest
2F4CX,tierra verde boat rentals
CDB2B,howard johnson by wyndham clearwater fl
LSTO8,bayview plaza waterfront resort
6W09Q,rodeway inn clearwaterlargo
9FO83,tradewinds island grand
N098O,harborside suites at little harbor
1UWC7,clearwater marine aquarium
GX4HA,days inn  suites by wyndham tampa near ybor city
6BI7Q,tasty venues
BKI68,holiday inn express hotel  suites
HM17N,premier parking usa tampa airport
O9S4O,schooner hotel
8S8BN,rumfish beach resort bytradewinds
X9K2M,carls van rentals
89HCG,comfort suites tampa  brandon
BX975,barefoot beach house
6TYRA,1930 grande room
Y8L3H,barefoot beach vacation
P8KIA,homewood suites by hilton tampabrandon
6Q5RV,americas best value inn  suites
J7VCR,la veranda bed  breakfast
MM78G,homewood suites by hilton tampa airport  westshore
9577R,tahitian inn coffee shop  restaurant
YEBX0,quality inn  suites near fairgrounds ybor city
HN3T0,independent taxi service
5S2Z4,innisbrook resort
T5NXZ,alaska airlines
BGL7U,hampton inn spring hill
4YOER,gulf beach inn
KDAEL,teco line streetcar  whiting station
G9SQ8,flying boat brewing
SQQU1,great heron inn
C9HQ3,big red balloon sightseeing adventures
XPGYE,springhill suites by marriott clearwater beach
Y8GTP,the inn on third
KF6YN,beach to bay scooters
NQWSY,residence inn by marriott clearwater beach
DT8UB,florida beach rentals
S0E3O,hyatt regency tampa
X4WCP,velo champ
LZD6Q,howard johnson plaza tampa  downtown
NTOE0,tsa checkpoint c  tampa international airport
3TVIJ,island inn beach resort
JLZP3,florida ecoadventures
EKRWR,joes taxi  car service
TIC6Y,holiday inn express tampabrandon
Q2SUN,belleair beach club
ODZUT,frenchys oasis motel
4S3SO,la quinta inn tampa bay st petersburg
Z7J7D,tsa checkpoint a  tampa international airport
FQN2N,tropic terrace
G7XH1,hyatt place st petersburg  downtown
WFK8W,subaru south tampa
R6ORS,lyft
KDSAS,pier dolphin cruises
2336Z,aaa  st petersburg downtown
PMRCS,paradise lakes resort
ONYP5,red roof inn
28XX1,palm crest motel
HEIR0,the passport office tampa
0DZ2H,home2 suites by hilton brandon tampa
MFBTV,pci beach bar
EV4U5,sand pebble resort
0A7DS,tarpon inn
RLPLY,resort rentals
F93E3,gaystpete house
ZX08O,bayside limos of florida
AM6LT,lake como family nudist resort
K86AW,st pete clearwater airport shuttle
11PG4,the fort harrison hotel
2FHVC,hillsborough area regional transit
EGSLQ,quail run rv resort
94RJR,rice creek rv adult resort
OYW3Z,element tampa midtown
RF1S9,baymont by wyndham tampa near busch gardens
YMHXC,hilton st petersburg bayfront
FKR64,happy hangar cafe
KDASN,sunken gardens
HSFOQ,us airways
8E0SC,sirata beach resort
KFVVQ,village inn restaurant
UNDBD,epicurean hotel autograph collection
48M2G,tahitian resort motel
WSW9U,doubletree by hilton tampa airport  westshore
N7V9Y,spirit airlines
MGO35,courtyard tampa brandon
NT8B3,odyssey cruises
3S7NX,westwinds waterfront resort
C551V,howard johnson express inn  suites  south tampa airport
X2V1K,hampton inn  st petersburg
BPSB2,marchands bar  grill
M9HX4,residence inn by marriott clearwater downtown
ETKKI,the tropics boat tours
3MYG7,zootampa at lowry park
9J0JM,dan the cab man
FBMNN,courtyard by marriott tampa westshoreairport
ZXMNJ,ponce de leon hotel
R1QAD,pirate water taxi
YJZFA,extended stay america  tampa  brandon
DH8Z5,cypress breeze farm
DU0IR,compass grille
QOAJ3,olde world sailing line
766G2,lazydays rv of tampa
ZS45T,clearwater beach marriott suites on sand key
A6NI9,la quinta by wyndham tampa central
5H6DF,extended stay america  tampa  airport  memorial hwy
4B116,tampa by bike
RYX85,dunedin rv resort
SY879,hampton inn tampainternational airportwestshore
04VFW,budget inn
NVV0L,old city helicopters
K7LA1,ma fitness  pinellas park
BRJAJ,molloy gulf motel  cottages
IKOJZ,knights inn tampa fairgrounds
82XLG,comfort inn  suites clearwater  st petersburg carillon park
B3D4S,suites at mainsail village
4YP47,union visa
9FCFX,extended stay america  clearwater  carillon park
WSCPN,hampton inn  suites port richey
A139L,hampton inn  suites tampa airport avion park westshore
US93Z,beachview inn
HSPSK,holiday inn express  suites tampa northwestoldsmar
JX0W4,magic carpet glide segway tours
B6WEP,gulfview beach hotel
OD7U0,fairfield inn  suites holiday tarpon springs
IV3SS,hickory point rv park
R6Z35,comfort inn sun city centertampa south
8C8C6,barefoot bay resort  marina
VO6AB,residence inn by marriott st petersburg treasure island
J88US,quality inn  suites
FLTEV,bamboo beach club
UDYLE,howard johnson inn tampa ybor city
O4ZD9,residence inn st petersburg clearwater
8FJG1,pier hotel
BELPJ,hyatt place tampa airportwestshore
9XMIA,fairfield inn  suites by marriott st petersburg north
L7GJJ,marriott tampa westshore
84GEI,howard johnson by wyndham port richey
XFZOS,cell phone waiting lot  tpa
YKADU,coconut cove allsuite hotel
KIKHT,peter o knight airport
0ES4O,summerside inn
NUR77,remis segway tours
SRHZV,chart house suites
B2OF7,thunderbird hotel
JAU0I,landmark motel
HJDRO,days inn by wyndham clearwatercentral
1FCN3,hampton inn  suites tampa busch gardens area
4IZEP,the gulf beach resort
DHAXI,airside a  tpa
802HJ,executive car rental
NHX4Z,post bay at rocky point
UIY5B,element
ISH0T,belleview inn
99LL9,grady goat yoga
TCN8I,madeira beach yacht club
QF0F5,courtyard by marriott tampa northwestveterans expressway
0KXSP,home2 suites by hilton tampa downtown channel district
R31HN,skyconnect rental car center
TROZ9,the karol hotel a tribute portfolio hotel
4XYET,sleep inn  suites tampa south
B18SN,the parking doctors
MDTNO,hotel haya
0B2W8,harbourside resort
R393S,delta airlines
NEN78,aloft tampa midtown
RUN4A,el cayuelo
Y3FXV,river side inn
D7WZ1,residence inn by marriott st petersburg tierra verde
5T4ET,sheraton sand key resort
6MKNE,magnuson hotel zephyrhills
TAM90,hampton inn  suites tampaybor citydowntown
7E78U,red roof inn tampa  brandon
H77A8,towneplace suites st petersburg clearwater
3PLLZ,hampton inn tampabrandon
LLQIC,the jungle prada tour
SV6MX,hotel indigo saint petersburg downtown
YRFOR,american limo  transportation
F6M5N,passagrille beach
HVHMJ,eatsipindulge
ZLTDT,stan pla motel
QHG1L,wingate by wyndham tampa
IO26W,grand plaza hotel
Z87UT,canoe outpostlittle manatee river
SXTHF,hilton garden inn tampa eastbrandon
09DNN,the vinoy renaissance st petersburg resort  golf club
PW30Y,courtyard tampa downtown
1PTPC,the don cesar
UZOXO,springhill suites st petersburg clearwater
GD14F,the resort and club at little harbor
RFF2D,jimmy bs beach bar
0USYD,quorum tampa westshore
PHC07,spinners rooftop grille
ZB1CN,kraken cycleboats
MBO9J,the westin tampa bay
0FE2H,hyatt regency clearwater beach resort  spa
AYZU8,kozuba  sons distillery
6P8EU,rodeway inn sun city center
IEBVR,american airlines
DZAJB,redington ambassador
OYSHX,woodspring suites tampa northeast
Q3SQC,veterans limousine llc
ZCWGF,travelodge clearwater
KD2ZK,hampton inn  suites clearwaterst petersburgulmerton road fl
2ZJ03,history bike tampa
0U5FY,sails resort motel
B8S7J,brandon nissan
2EVDB,florida auto service center
L0IL7,bayshore limo
NHH1W,1st class limo  car service
2PP31,palm court motel
AWDV3,nordvind resort
9C1RZ,sandpiper beach resort
QMR30,jolley trolley
79JOF,microtel inn  suites by wyndham spring hillweeki wachee
NBSSH,the historic peninsula inn
YW3S1,legacy vacation resort  indian shores
GCKQT,ft de soto ferry to egmont key
L1U10,the barrymore hotel tampa riverwalk
NWQSL,florida currency exchange
P5LO6,blue one transportation
XGIS9,macdill inn
8BDEM,i 75 southbound mile 238 rest area
UNBEX,holiday inn sunspree resort st petersburgmarina cove
LGXBE,la quinta by wyndham tampa bay areatampa south
6MAFB,beach house suites by the don cesar
AOQSC,sea breeze manor inn
56D5D,ghost party haunted tours
TQA5T,days inn tampa west of busch gardens
043R7,homewood suites by hilton st petersburg clearwater
KHI7G,coconut villas of dunedin
IB9WK,five palms condominium resort
0WV3P,3 rooker charters
ELZG4,hotel sol
ELX5Q,st petersburg carriages
TQBRV,pasco county rest area i75 southbound
PDK23,villa de leon
7L8SA,days inn by wyndham tampa
KDEWB,country inn  suites by radisson st petersburg  clearwater
ZZVM9,a boat day
KE0FI,journey usa rv rentals
JH1ST,largo central park nature preserve
RYWNV,frontier airlines
UN5YD,st pete biking tours
