id_transporte,transporte
Y15QA,hertz rent a car
O0K1Z,rent max
C03AP,alamo rent a car
EG8R9,dollar car rental
PT632,kings executive limo  car service
R7E85,enterprise rentacar
SEGKZ,yellow cab company
VOYVB,dayton andrews chrysler jeep dodge  clearwater
ZXKPP,uber
4ZUKK,execucar
ZS3OD,escot bus lines
7CFOJ,ajs towncar
OZMS4,silvercar by audi
RB68Y,advantage rent a car
15WEB,tampa limo  car
OA8UX,easirent car rental
15TD1,national car rental
CGU7R,atlas aviation
S8GMA,avis
KANTE,avis rentacar  tampa intl airport
GRO02,walsh chauffeured transportation
U8NW4,pick me up car service
SGQUH,albert whitted municipal airport
VUJUZ,fitzgeralds countryside hyundai
7ZR3F,econo auto rentals
7DNY4,cab plus taxi
H5V1K,main terminal  tpa
8GT4J,tsa precheck enrollment center
8RNDX,ace rent a car
4TSSY,fox rent a car
4OUIA,rowe transportation
I332G,admirals club
KHRM6,budget
OULJG,st peteclearwater international airport  pie
SSI9V,budget car rental
PIIKH,finish line scooters
HY4D6,sixt rent a car
6TDF3,payless car rental
4Y862,dayton andrews dodge chrysler jeep ram
7DVHX,united airlines
YP7VY,shulas steak house
L6UFU,tampa union station
S446F,dollar rent a car
U7XWW,delta sky club
ZDBPB,ramada clearwater airport
BG5MB,centennial park trolley station
P9Y7V,new wave auto sales
POMWA,tsa checkpoint f  tampa international airport
20Y9L,signature flight support
DFIOK,caliber collision
N0IAJ,infiniti of clearwater
RF46Q,fitzgeralds countryside subaru
4RTZN,tampa water taxi
VUOGC,payless parking and car rental
BBOPQ,exotic luxury rental
FBHE7,skyline limousine
UZ56O,budget rent a car
NUFWP,clearwater slingshot rentals
YHKWR,big time limo
0ALXB,advantage car rental
KZCY2,tampa international airport
PXDAW,bats taxis
V9QHL,tampa airport taxi
LP3FF,easy es car service
LISIV,country inn  suites by radisson
HO3KP,gasparilla bar
1ZURF,economy rent a car
AHKMH,green cab
YMKT5,usave car and truck rental
LCXU3,thrifty car rental
0E716,727 taxi
3TZM2,avis rent a car
EASNV,firefly
0JN8E,budgetavis rental
EL1GD,united taxi
VUSMF,psta grand central station
8PHY5,united cab company
4RAXT,thrifty rent a car
04NFY,airport direct
BR4YO,hertz
KXU56,hanks transportation
A5B43,ez rent a car
POPCG,supershuttle
VMB1A,dysfunctional grace
JNMB9,cigar city brewing
0IBG1,premier parking usa tampa airport
P0VAO,carls van rentals
GD5L6,independent taxi service
5IAYU,teco line streetcar  whiting station
FMV2Z,tsa checkpoint c  tampa international airport
3TE2O,joes taxi  car service
MGFSU,tsa checkpoint a  tampa international airport
OXMD5,subaru south tampa
L0P1Q,lyft
T18UB,bayside limos of florida
HA6KU,st pete clearwater airport shuttle
GROI5,dan the cab man
YCR53,pirate water taxi
Q0SRG,cell phone waiting lot  tpa
ZJMJG,peter o knight airport
O2AR8,airside a  tpa
079KD,executive car rental
2HFK4,skyconnect rental car center
4Z73F,american limo  transportation
E12PM,american airlines
MX5MM,veterans limousine llc
Y5DGM,brandon nissan
S6MDY,florida auto service center
Q13NE,bayshore limo
DCMOL,1st class limo  car service
NEJD5,blue one transportation
9XPOR,free beach ride
